-- MySQL dump 10.13  Distrib 8.0.42, for Win64 (x86_64)
--
-- Host: 127.0.0.1    Database: rumah_sakit
-- ------------------------------------------------------
-- Server version	8.0.42

/*!40101 SET @OLD_CHARACTER_SET_CLIENT=@@CHARACTER_SET_CLIENT */;
/*!40101 SET @OLD_CHARACTER_SET_RESULTS=@@CHARACTER_SET_RESULTS */;
/*!40101 SET @OLD_COLLATION_CONNECTION=@@COLLATION_CONNECTION */;
/*!50503 SET NAMES utf8mb4 */;
/*!40103 SET @OLD_TIME_ZONE=@@TIME_ZONE */;
/*!40103 SET TIME_ZONE='+00:00' */;
/*!40014 SET @OLD_UNIQUE_CHECKS=@@UNIQUE_CHECKS, UNIQUE_CHECKS=0 */;
/*!40014 SET @OLD_FOREIGN_KEY_CHECKS=@@FOREIGN_KEY_CHECKS, FOREIGN_KEY_CHECKS=0 */;
/*!40101 SET @OLD_SQL_MODE=@@SQL_MODE, SQL_MODE='NO_AUTO_VALUE_ON_ZERO' */;
/*!40111 SET @OLD_SQL_NOTES=@@SQL_NOTES, SQL_NOTES=0 */;

--
-- Table structure for table `apoteker`
--

DROP TABLE IF EXISTS `apoteker`;
/*!40101 SET @saved_cs_client     = @@character_set_client */;
/*!50503 SET character_set_client = utf8mb4 */;
CREATE TABLE `apoteker` (
  `id_apoteker` int NOT NULL,
  `nama` varchar(100) DEFAULT NULL,
  `alamat` varchar(255) DEFAULT NULL,
  `no_hp` varchar(20) DEFAULT NULL,
  PRIMARY KEY (`id_apoteker`)
) ENGINE=InnoDB DEFAULT CHARSET=utf8mb4 COLLATE=utf8mb4_0900_ai_ci;
/*!40101 SET character_set_client = @saved_cs_client */;

--
-- Dumping data for table `apoteker`
--

LOCK TABLES `apoteker` WRITE;
/*!40000 ALTER TABLE `apoteker` DISABLE KEYS */;
INSERT INTO `apoteker` (`id_apoteker`, `nama`, `alamat`, `no_hp`) VALUES (1,'Sadina Yulianti','Gg. Cikutra Barat No. 9\r\nBatu, SR 35330','+62 (0015) 004 7739'),(2,'T. Ian Sitorus, S.Ked','Gg. Rumah Sakit No. 5\r\nBatu, Sulawesi Tengah 07941','(028) 434-1283'),(3,'Aurora Prayoga, S.T.','Jl. Peta No. 9\r\nPematangsiantar, RI 40790','+62-16-644-2245'),(4,'Siti Uwais, S.Ked','Gang Abdul Muis No. 5\r\nPalopo, JB 30667','+62-418-296-8681'),(5,'Malika Pangestu','Gg. Sentot Alibasa No. 900\r\nBandar Lampung, RI 00712','+62-087-636-8083'),(6,'Talia Prasetyo','Gang HOS. Cokroaminoto No. 840\r\nSibolga, YO 16092','+62-0837-945-9907'),(7,'Soleh Mandala','Gang Erlangga No. 3\r\nMakassar, KI 27840','+62 (52) 857 0983'),(8,'Keisha Widiastuti, S.Kom','Gg. Sukabumi No. 9\r\nLhokseumawe, Bengkulu 77257','+62 (067) 890-0952'),(9,'Sakura Saragih','Jl. M.H Thamrin No. 9\r\nBukittinggi, PB 13930','+62 (68) 171 7594'),(10,'Tgk. Endah Haryanto','Jalan Ciwastra No. 79\r\nPadang, Lampung 81796','+62-002-290-3386'),(11,'Zaenab Permata, S.Pd','Gg. Waringin No. 41\r\nManado, DKI Jakarta 32956','+62-02-705-6874'),(12,'Kasiran Irawan','Gang Erlangga No. 079\r\nBima, Nusa Tenggara Timur 52457','(056) 976 9911'),(13,'Lalita Winarsih','Jl. Cihampelas No. 0\r\nSorong, Jambi 34542','0886505002'),(14,'Cut Jasmin Suartini, S.Kom','Jalan PHH. Mustofa No. 78\r\nKota Administrasi Jakarta Utara, JK 45423','+62 (0551) 393-4284'),(15,'Umay Prasetya','Jalan Jakarta No. 056\r\nBlitar, JT 32179','085 523 3855'),(16,'Drs. Cahya Mahendra','Gg. Rawamangun No. 91\r\nSukabumi, KT 25947','+62-0350-444-6116'),(17,'drg. Hafshah Putra, M.Ak','Gg. PHH. Mustofa No. 5\r\nMeulaboh, YO 90909','+62-97-261-8919'),(18,'Paris Winarno','Gang Asia Afrika No. 20\r\nPasuruan, Sumatera Barat 21689','+62 (0294) 606-8111'),(19,'Yani Laksmiwati','Gg. Pacuan Kuda No. 4\r\nKendari, Jawa Tengah 68633','+62-0968-085-1635'),(20,'Bakiman Sihotang','Gg. Tubagus Ismail No. 029\r\nSawahlunto, JI 84787','+62 (042) 387-4262'),(21,'Ir. Siti Haryanto','Jalan Kebonjati No. 34\r\nBandar Lampung, JB 06247','+62 (694) 408-6987'),(22,'Estiono Saefullah','Jalan Soekarno Hatta No. 1\r\nPurwokerto, Kepulauan Bangka Belitung 34700','+62-0078-767-3313'),(23,'Ir. Laras Jailani','Gg. Sukabumi No. 2\r\nBanjar, LA 46257','+62 (175) 449 8872'),(24,'Usman Hariyah','Jalan Cihampelas No. 38\r\nSibolga, Sulawesi Tengah 13770','+62 (241) 935-3950'),(25,'Ifa Siregar, S.T.','Jl. Cempaka No. 4\r\nKota Administrasi Jakarta Utara, Papua Barat 78932','(024) 863-4189'),(26,'Wakiman Namaga','Gang Asia Afrika No. 5\r\nMetro, JB 14657','+62 (903) 680-4489'),(27,'Hari Mardhiyah','Jl. Dipenogoro No. 76\r\nPurwokerto, MU 75691','+62-33-228-9036'),(28,'Balijan Nugroho','Gang Kutisari Selatan No. 074\r\nSurakarta, PA 58691','(0198) 114 4082'),(29,'Eman Rahmawati','Gg. Pelajar Pejuang No. 2\r\nBontang, Maluku 48768','+62 (0910) 695-4341'),(30,'drg. Kacung Sirait, S.E.','Jalan Waringin No. 4\r\nTangerang Selatan, PA 93881','(0866) 662-0061'),(31,'Sutan Harsana Sihotang','Jalan Monginsidi No. 2\r\nPadang, Kalimantan Timur 06957','+62-61-539-8716'),(32,'R. Nardi Novitasari','Gang H.J Maemunah No. 6\r\nBatam, Riau 68397','+62 (259) 961 7583'),(33,'Karimah Dabukke, S.Kom','Gang Moch. Toha No. 5\r\nTasikmalaya, NT 31104','+62-087-827-5873'),(34,'Novi Salahudin','Jl. Dipenogoro No. 5\r\nSalatiga, NB 76134','(0311) 155-1635'),(35,'Puti Nugroho','Gang Sukabumi No. 186\r\nMakassar, Sulawesi Selatan 75237','+62-007-017-5960'),(36,'Ir. Nilam Simanjuntak, M.Ak','Gang Suniaraja No. 2\r\nJambi, NB 39211','+62-0248-148-1669'),(37,'Zizi Nasyidah','Gang Raya Setiabudhi No. 86\r\nBandar Lampung, Lampung 96589','+62 (371) 689 2941'),(38,'R. Ika Prakasa','Gang Ciumbuleuit No. 809\r\nPagaralam, MU 07765','+62 (060) 805 5324'),(39,'Heryanto Nashiruddin, S.E.','Gg. Sukajadi No. 346\r\nDenpasar, SG 90950','+62 (0221) 834 5401'),(40,'Elma Rajasa','Jl. Ronggowarsito No. 34\r\nManado, Sulawesi Selatan 33039','+62 (029) 301 4237'),(41,'Rini Nurdiyanti','Gang Rungkut Industri No. 902\r\nBatu, KI 22493','(017) 337-6493'),(42,'Gaiman Hidayat','Jalan Moch. Ramdan No. 75\r\nMeulaboh, MU 61379','+62 (772) 138-8076'),(43,'Hasna Novitasari','Gang Gardujati No. 948\r\nBengkulu, SG 77765','+62 (743) 157-0202'),(44,'Balidin Pratiwi, S.IP','Gang Kendalsari No. 71\r\nSamarinda, Sulawesi Tengah 17986','+62 (30) 836 0209'),(45,'Rachel Gunarto','Jl. Laswi No. 049\r\nBanjar, Jawa Barat 54722','+62 (093) 502-6453'),(46,'Hilda Hutasoit, S.E.','Jl. M.T Haryono No. 26\r\nTidore Kepulauan, SN 14364','+62 (073) 577 2070'),(47,'Gaiman Kuswandari','Gg. Rawamangun No. 840\r\nGorontalo, ST 65232','+62-0898-286-1569'),(48,'Praba Marbun, M.TI.','Jalan Sentot Alibasa No. 24\r\nKupang, Jawa Barat 00192','+62 (71) 917 1458'),(49,'Kasiyah Iswahyudi','Jalan Suniaraja No. 74\r\nCirebon, JK 97146','+62 (15) 466-6500'),(50,'Tari Maryati','Jalan Raya Setiabudhi No. 72\r\nKota Administrasi Jakarta Pusat, Bali 24541','0899500730'),(51,'Garda Tampubolon, S.Psi','Jl. Ronggowarsito No. 36\r\nBinjai, Jawa Barat 56697','+62-81-349-6207'),(52,'Dr. Budi Rahimah, S.Ked','Gang Raya Setiabudhi No. 258\r\nBukittinggi, JT 77914','+62 (886) 117-9019'),(53,'Tgk. Lembah Hasanah, S.IP','Gang Rajawali Timur No. 1\r\nJambi, Kepulauan Riau 96763','0837053007'),(54,'drg. Vicky Firgantoro, M.Pd','Gg. Astana Anyar No. 058\r\nTanjungpinang, KR 06498','(091) 858 1476'),(55,'Rahman Laksmiwati','Jl. Bangka Raya No. 25\r\nPadang Sidempuan, Sumatera Selatan 67751','+62 (57) 475 2670'),(56,'dr. Puti Safitri, S.Kom','Gang S. Parman No. 75\r\nBontang, YO 59706','+62 (39) 811-4583'),(57,'Tirta Nashiruddin','Jl. Sentot Alibasa No. 24\r\nAmbon, JB 36253','(009) 432-0414'),(58,'R. Mulya Maryati','Jl. H.J Maemunah No. 521\r\nPariaman, Sulawesi Utara 15911','+62 (053) 546 0623'),(59,'Ciaobella Manullang','Gang Setiabudhi No. 270\r\nBukittinggi, Papua Barat 87613','(0252) 349 6196'),(60,'Zahra Wahyudin, S.H.','Jl. Waringin No. 375\r\nKota Administrasi Jakarta Utara, JB 20927','+62-088-383-1921'),(61,'Reza Yulianti','Gang Soekarno Hatta No. 144\r\nPalangkaraya, Sulawesi Tengah 00271','(040) 938 7590'),(62,'Dr. Pangeran Kuswandari, S.Sos','Gang Cihampelas No. 14\r\nTarakan, Sulawesi Tengah 01737','+62-18-649-8928'),(63,'Saadat Saptono','Gang Raya Ujungberung No. 434\r\nBlitar, JB 60175','+62-071-476-7376'),(64,'Diah Kusmawati','Gang Surapati No. 529\r\nBlitar, ST 61010','0816562914'),(65,'Sakura Iswahyudi','Gang Suniaraja No. 79\r\nGorontalo, KU 92534','+62 (030) 271-1882'),(66,'Talia Maryadi','Gang KH Amin Jasuta No. 2\r\nSerang, JK 94714','+62 (0170) 457 8554'),(67,'Drs. Dadap Susanti, M.Ak','Jl. Ahmad Yani No. 54\r\nPadangpanjang, KR 81846','+62 (0029) 030-6664'),(68,'dr. Ganjaran Simbolon, S.Psi','Gg. Rumah Sakit No. 2\r\nKota Administrasi Jakarta Utara, Aceh 21276','+62 (97) 484-5568'),(69,'Ulva Hutagalung, S.Pt','Jalan Yos Sudarso No. 03\r\nSurabaya, KR 27621','+62-88-416-8638'),(70,'Suci Kuswandari','Jalan W.R. Supratman No. 095\r\nBanjar, Maluku 11508','+62-78-198-6139'),(71,'Drs. Cawisadi Firmansyah','Jalan Merdeka No. 4\r\nBlitar, Aceh 02627','+62 (028) 642 8169'),(72,'Tgk. Irsad Hidayanto, M.Farm','Gg. Siliwangi No. 190\r\nBatu, NB 22822','+62 (662) 957-0285'),(73,'Dr. Cici Tarihoran','Jalan Jamika No. 109\r\nTernate, Sulawesi Barat 46055','+62 (656) 375-2711'),(74,'Bagiya Ardianto','Jalan Pasir Koja No. 700\r\nBatu, NB 48105','(0879) 677 4406'),(75,'Gamani Santoso','Jl. Astana Anyar No. 50\r\nTanjungbalai, Jambi 79902','+62 (09) 663 5705'),(76,'Dr. Gada Widiastuti, S.Ked','Gang Gegerkalong Hilir No. 582\r\nSolok, Kepulauan Riau 28655','+62-082-542-3031'),(77,'Gatot Namaga','Jl. H.J Maemunah No. 555\r\nSurabaya, KU 53410','+62-225-526-5024'),(78,'Rika Purwanti, S.Sos','Gang Sadang Serang No. 34\r\nBanjar, AC 54409','(0437) 586 8267'),(79,'Dariati Hariyah','Gg. Moch. Toha No. 472\r\nPalopo, JB 45892','+62 (044) 548-5256'),(80,'Yuni Laksmiwati','Jl. W.R. Supratman No. 50\r\nParepare, JA 11060','+62 (47) 566 8702'),(81,'Legawa Tampubolon','Jalan Laswi No. 7\r\nCilegon, Sumatera Utara 53998','(033) 658-9888'),(82,'Hana Padmasari','Jl. Pacuan Kuda No. 285\r\nSungai Penuh, Papua Barat 44795','+62 (529) 484 7377'),(83,'Gabriella Andriani','Jl. HOS. Cokroaminoto No. 794\r\nBatam, AC 58278','+62 (299) 081 9964'),(84,'Mutia Utami','Gg. Rajawali Barat No. 201\r\nSubulussalam, Maluku 61292','+62 (658) 867 7748'),(85,'Hj. Tira Pangestu, M.Farm','Jl. Erlangga No. 9\r\nBandung, SB 87276','+62 (85) 858-9084'),(86,'KH. Irnanto Andriani','Jalan S. Parman No. 16\r\nBanjar, Gorontalo 12486','+62 (477) 570-6995'),(87,'Dwi Puspasari','Jalan Cikutra Barat No. 0\r\nKota Administrasi Jakarta Pusat, SB 90195','083 433 1541'),(88,'Novi Sirait','Jalan Setiabudhi No. 3\r\nBanjar, KR 68551','+62-32-702-2966'),(89,'Violet Prabowo','Jl. Rumah Sakit No. 5\r\nPekanbaru, MA 43070','(042) 876-3982'),(90,'Oni Natsir, S.Gz','Gang Sukabumi No. 210\r\nPekalongan, AC 92401','+62 (091) 266-8603'),(91,'Luis Wijaya','Jl. Rajiman No. 7\r\nBukittinggi, Riau 72121','(0671) 393-9398'),(92,'Bahuwarna Marpaung','Gang Sukajadi No. 054\r\nSolok, SR 13098','+62-77-528-8000'),(93,'Jarwadi Hakim, M.Ak','Jl. Pasirkoja No. 0\r\nSurakarta, RI 15080','+62 (667) 494 7871'),(94,'R. Jarwadi Hutasoit','Jalan Moch. Ramdan No. 67\r\nMetro, Bengkulu 54305','+62 (62) 415-1048'),(95,'Nasim Siregar, M.TI.','Gang Jend. A. Yani No. 3\r\nManado, Kepulauan Bangka Belitung 85211','(041) 406 8349'),(96,'Michelle Nasyidah','Gg. Rumah Sakit No. 945\r\nTanjungpinang, KS 15605','+62-075-029-4728'),(97,'Drs. Michelle Pudjiastuti, M.Pd','Gg. Rajawali Timur No. 0\r\nParepare, Papua Barat 41477','0830024552'),(98,'Gangsar Habibi, S.Sos','Jl. Erlangga No. 7\r\nMojokerto, NT 68368','+62 (512) 799-7842'),(99,'R.A. Ratih Mayasari','Gg. Soekarno Hatta No. 68\r\nPurwokerto, ST 47605','+62 (0363) 330-8363'),(100,'Galih Widiastuti','Gg. Rungkut Industri No. 62\r\nTidore Kepulauan, Aceh 14220','087 686 8302');
/*!40000 ALTER TABLE `apoteker` ENABLE KEYS */;
UNLOCK TABLES;

--
-- Table structure for table `dokter`
--

DROP TABLE IF EXISTS `dokter`;
/*!40101 SET @saved_cs_client     = @@character_set_client */;
/*!50503 SET character_set_client = utf8mb4 */;
CREATE TABLE `dokter` (
  `id_dokter` int NOT NULL,
  `nama` varchar(100) DEFAULT NULL,
  `alamat` varchar(255) DEFAULT NULL,
  `no_hp` varchar(20) DEFAULT NULL,
  `spesialis` varchar(50) DEFAULT NULL,
  `id_poliklinik` int DEFAULT NULL,
  PRIMARY KEY (`id_dokter`),
  KEY `id_poliklinik` (`id_poliklinik`),
  KEY `idx_dokter_nama` (`nama`),
  CONSTRAINT `dokter_ibfk_1` FOREIGN KEY (`id_poliklinik`) REFERENCES `poliklinik` (`id_poliklinik`)
) ENGINE=InnoDB DEFAULT CHARSET=utf8mb4 COLLATE=utf8mb4_0900_ai_ci;
/*!40101 SET character_set_client = @saved_cs_client */;

--
-- Dumping data for table `dokter`
--

LOCK TABLES `dokter` WRITE;
/*!40000 ALTER TABLE `dokter` DISABLE KEYS */;
INSERT INTO `dokter` (`id_dokter`, `nama`, `alamat`, `no_hp`, `spesialis`, `id_poliklinik`) VALUES (1,'Dr. dr. Indah Prastuti','Jl. Laswi No. 6\r\nJambi, KB 54262','+62 (04) 278 4610','Penyakit Dalam',7),(2,'Dr. dr. Okto Haryanti','Jalan Wonoayu No. 76\r\nPadangpanjang, PB 24418','084 504 6137','Gigi',5),(3,'Dr. Hardi Kusmawati','Gg. Ir. H. Djuanda No. 164\r\nPagaralam, Kepulauan Bangka Belitung 46094','(018) 819-0028','Anak',5),(4,'Dr. Dr. Rizki Puspasari, S.Sos','Jalan Sukajadi No. 064\r\nSolok, Papua 42433','(022) 084 4574','Umum',6),(5,'Dr. Uchita Suryono','Jl. Monginsidi No. 206\r\nTual, Kalimantan Barat 09915','+62-19-943-7691','Penyakit Dalam',2),(6,'Dr. Qori Uyainah','Jalan M.H Thamrin No. 42\r\nBima, BB 58461','+62 (0313) 637-3920','Penyakit Dalam',4),(7,'Dr. Paulin Wastuti, S.T.','Jl. Sentot Alibasa No. 90\r\nCilegon, Aceh 12754','+62 (0677) 142 8196','Gigi',3),(8,'Dr. Irma Rajata','Jl. Waringin No. 155\r\nSurabaya, ST 99187','089 895 1253','Gigi',2),(9,'Dr. Cengkir Saptono','Jalan Gedebage Selatan No. 760\r\nAmbon, BB 41154','+62-021-488-2865','Anak',7),(10,'Dr. Ir. Ilyas Pudjiastuti','Jalan Ciwastra No. 45\r\nSolok, SR 74933','+62 (427) 071 7644','THT',2),(11,'Dr. Hj. Dina Nasyiah, S.T.','Gang Pasirkoja No. 711\r\nBogor, Sumatera Barat 80329','+62 (0627) 607 2042','Penyakit Dalam',3),(12,'Dr. Zulaikha Napitupulu','Gg. Kutai No. 46\r\nDenpasar, Sumatera Utara 26677','(0294) 313-4967','Gigi',6),(13,'Dr. Zalindra Nainggolan, S.Sos','Gang Jend. Sudirman No. 962\r\nTidore Kepulauan, Lampung 83443','+62 (086) 205-7912','THT',3),(14,'Dr. Gaman Manullang','Jalan Kutisari Selatan No. 841\r\nKota Administrasi Jakarta Barat, Jawa Timur 85681','(0976) 902 1474','THT',2),(15,'Dr. Juli Pudjiastuti','Gang Antapani Lama No. 571\r\nTangerang Selatan, NB 12972','084 723 3594','THT',6),(16,'Dr. Kenari Utami','Jl. Gedebage Selatan No. 43\r\nBanda Aceh, Maluku Utara 79143','+62 (81) 990-3379','Gigi',3),(17,'Dr. Tedi Pratiwi','Gang Veteran No. 9\r\nCimahi, Kalimantan Barat 68211','+62 (30) 249-4697','Anak',1),(18,'Dr. Cut Diana Haryanto, S.Kom','Jalan Rajawali Timur No. 96\r\nSungai Penuh, BB 34166','+62 (72) 140-5615','Penyakit Dalam',5),(19,'Dr. drg. Teddy Riyanti, S.E.I','Jl. Jayawijaya No. 3\r\nGorontalo, Bali 09936','084 214 5425','Penyakit Dalam',1),(20,'Dr. R.A. Kani Oktaviani, S.Psi','Jl. K.H. Wahid Hasyim No. 053\r\nPekanbaru, Kalimantan Selatan 88294','0896898956','Gigi',3),(21,'Dr. Amelia Salahudin','Gang Rumah Sakit No. 9\r\nMojokerto, Kalimantan Selatan 84628','+62 (022) 217 1502','Anak',3),(22,'Dr. Ridwan Kusmawati, S.T.','Gg. Merdeka No. 2\r\nLubuklinggau, BT 61345','+62-0043-882-9668','THT',3),(23,'Dr. Rachel Mayasari','Gang Pasirkoja No. 07\r\nTomohon, PA 24441','(030) 383-6534','Umum',1),(24,'Dr. Queen Adriansyah','Jl. Sadang Serang No. 73\r\nBekasi, Jawa Tengah 44679','+62-46-159-9795','Gigi',3),(25,'Dr. Dt. Limar Utama','Jalan Rumah Sakit No. 22\r\nPadang Sidempuan, KT 31496','(099) 110 2020','Anak',6),(26,'Dr. Gabriella Andriani','Jl. Rawamangun No. 431\r\nJayapura, AC 33886','086 636 1606','Penyakit Dalam',4),(27,'Dr. Caraka Prakasa','Jalan Dr. Djunjunan No. 04\r\nBitung, Jambi 40877','+62-062-074-1373','THT',5),(28,'Dr. Hilda Anggraini','Jl. Ahmad Dahlan No. 3\r\nMeulaboh, JB 94666','+62-885-497-3546','THT',6),(29,'Dr. Omar Pratama','Gang Ahmad Dahlan No. 433\r\nKupang, PB 47120','+62 (0265) 000-0540','Gigi',2),(30,'Dr. Dt. Capa Haryanto','Jalan Kapten Muslihat No. 52\r\nTangerang, BB 73156','+62 (0983) 021 1611','Gigi',4),(31,'Dr. Amalia Pranowo','Gang Cikutra Timur No. 5\r\nBanda Aceh, Jawa Barat 72188','+62 (591) 071 8146','Umum',6),(32,'Dr. Radit Nababan','Jalan Ir. H. Djuanda No. 060\r\nBandar Lampung, SR 74579','(0986) 025-3925','Anak',4),(33,'Dr. Ilyas Wulandari','Gg. Surapati No. 042\r\nSurakarta, Papua Barat 44772','+62 (071) 575-9303','Penyakit Dalam',7),(34,'Dr. Tantri Prastuti','Jalan KH Amin Jasuta No. 089\r\nKotamobagu, Kalimantan Selatan 86049','+62 (0810) 243-0310','Gigi',7),(35,'Dr. Dr. Eli Napitupulu','Gg. Yos Sudarso No. 8\r\nSurabaya, Jawa Tengah 93675','(049) 614 9109','THT',6),(36,'Dr. drg. Aris Wacana','Gang Rawamangun No. 909\r\nTual, JI 57078','+62-049-994-7794','Gigi',5),(37,'Dr. R. Tiara Yuliarti, S.Sos','Gg. Waringin No. 09\r\nDumai, SU 56153','(032) 128-3013','Anak',7),(38,'Dr. drg. Wardi Sihombing, S.E.','Gg. W.R. Supratman No. 5\r\nPadang, SG 25904','0897474434','Gigi',2),(39,'Dr. Heru Gunarto','Jalan Dr. Djunjunan No. 5\r\nPayakumbuh, JI 88187','+62-59-172-3530','Penyakit Dalam',6),(40,'Dr. Edward Sihotang, M.TI.','Gang Jayawijaya No. 6\r\nTangerang, AC 84974','(0737) 432-9365','Umum',5),(41,'Dr. Jelita Pangestu','Jalan Cikutra Timur No. 504\r\nKupang, Sulawesi Tenggara 48110','+62 (0082) 783 7511','Gigi',5),(42,'Dr. Yulia Waluyo','Jalan Laswi No. 152\r\nMagelang, BB 02777','0840118213','Anak',5),(43,'Dr. Kamaria Budiman','Jl. Cikutra Barat No. 650\r\nPurwokerto, Maluku Utara 90897','+62 (214) 004 2625','Penyakit Dalam',5),(44,'Dr. Bahuraksa Narpati','Jl. Kapten Muslihat No. 906\r\nKota Administrasi Jakarta Timur, Banten 23707','+62 (024) 921 8853','Penyakit Dalam',2),(45,'Dr. Drajat Haryanti','Jl. Ciumbuleuit No. 153\r\nPekalongan, Jambi 25043','+62-789-541-3529','Gigi',5),(46,'Dr. Kasiyah Palastri','Gang Moch. Ramdan No. 66\r\nPrabumulih, MA 47552','(006) 677-9820','Anak',2),(47,'Dr. Gadang Prasetyo','Jl. Ahmad Yani No. 3\r\nTasikmalaya, JK 06943','(068) 024-2834','Penyakit Dalam',7),(48,'Dr. Tgk. Kezia Aryani','Gang Dipenogoro No. 6\r\nSemarang, Jambi 44061','+62-035-471-7347','Umum',2),(49,'Dr. Puti Padma Kusmawati','Jl. Jakarta No. 02\r\nJayapura, GO 63562','+62-473-021-4993','THT',2),(50,'Dr. Mahdi Jailani','Gg. Tebet Barat Dalam No. 8\r\nDepok, Kepulauan Riau 92357','+62 (0078) 723 9709','Penyakit Dalam',5),(51,'Dr. Dt. Asirwada Yuliarti','Gg. Veteran No. 375\r\nBukittinggi, KI 33230','+62 (0917) 387 3736','Umum',5),(52,'Dr. Betania Yuliarti','Jl. Ahmad Dahlan No. 50\r\nSalatiga, BT 95963','(0172) 241 4870','THT',7),(53,'Dr. Nilam Mahendra','Gang Kutai No. 91\r\nTernate, JB 25486','(011) 952-0701','Umum',3),(54,'Dr. Aurora Wacana','Gang Joyoboyo No. 4\r\nBengkulu, RI 38538','086 270 0706','Umum',4),(55,'Dr. H. Jail Prayoga, S.IP','Jalan Pacuan Kuda No. 005\r\nKota Administrasi Jakarta Timur, YO 73090','(0827) 271-5582','Umum',3),(56,'Dr. Karma Wijaya','Jalan Kapten Muslihat No. 32\r\nBitung, Kalimantan Utara 49853','+62-91-907-7773','Gigi',2),(57,'Dr. Puti Karen Haryanto, S.Kom','Jl. S. Parman No. 44\r\nKupang, BB 70356','+62 (67) 788 1794','Gigi',2),(58,'Dr. Oman Kusumo','Gg. Kapten Muslihat No. 7\r\nPalangkaraya, Banten 01967','(0309) 296 4517','Anak',1),(59,'Dr. Amelia Fujiati','Gang Laswi No. 6\r\nDepok, BB 49666','+62 (0815) 172-0214','Anak',2),(60,'Dr. Yulia Wijaya','Jl. Pasir Koja No. 522\r\nTebingtinggi, BA 39760','(040) 799-9703','THT',5),(61,'Dr. Tomi Sitompul','Gang M.T Haryono No. 696\r\nDepok, Jawa Barat 90372','+62-04-300-9385','Umum',2),(62,'Dr. R.A. Maida Yolanda, S.Farm','Jalan Jakarta No. 7\r\nBatam, NB 31477','+62 (039) 033 6537','Penyakit Dalam',5),(63,'Dr. Endah Puspita','Jalan Gardujati No. 8\r\nKupang, KR 45207','+62 (012) 261 9871','Anak',1),(64,'Dr. Limar Utama','Gang Ciumbuleuit No. 83\r\nBandar Lampung, Gorontalo 11585','+62 (30) 726 5960','Umum',2),(65,'Dr. Warji Nurdiyanti','Gg. Sukajadi No. 4\r\nPurwokerto, Bali 53283','+62 (060) 270 3445','Penyakit Dalam',3),(66,'Dr. Jasmin Saefullah','Jalan Cihampelas No. 922\r\nTernate, SU 00466','+62 (0775) 122-7003','Gigi',7),(67,'Dr. Sidiq Siregar','Jalan Rungkut Industri No. 82\r\nBogor, Bali 23698','084 623 9321','Penyakit Dalam',7),(68,'Dr. Vanya Tarihoran','Gg. Abdul Muis No. 50\r\nLhokseumawe, SB 18948','(0302) 169-9815','Umum',7),(69,'Dr. Dt. Bahuwirya Rahimah','Gang Jend. A. Yani No. 02\r\nManado, MA 79070','+62 (183) 848-6361','Anak',3),(70,'Dr. R. Ira Zulaika, M.TI.','Gang Veteran No. 6\r\nBanjarmasin, MA 24281','(0650) 740-5890','Penyakit Dalam',6),(71,'Dr. Amelia Mayasari','Jalan Wonoayu No. 32\r\nPadang, Bengkulu 21425','(0547) 413-6100','THT',2),(72,'Dr. Ilsa Pratama','Jalan Kebonjati No. 356\r\nTidore Kepulauan, JK 61668','+62-545-669-2021','Penyakit Dalam',2),(73,'Dr. Dr. Mala Saefullah, S.Sos','Gg. Suniaraja No. 4\r\nPalu, Riau 88173','(0864) 209-1129','Penyakit Dalam',1),(74,'Dr. Putri Saputra','Jalan Monginsidi No. 962\r\nMakassar, Kalimantan Selatan 61587','(0300) 773 1767','THT',6),(75,'Dr. Bagya Marpaung','Jl. Bangka Raya No. 227\r\nTangerang Selatan, Banten 30167','0854676622','Penyakit Dalam',7),(76,'Dr. Cut Eka Wulandari, S.IP','Jalan Otto Iskandardinata No. 2\r\nCirebon, SB 91445','+62-0080-767-6612','Penyakit Dalam',2),(77,'Dr. KH. Danang Usamah, S.Pt','Jl. Indragiri No. 3\r\nSabang, KR 00751','+62 (0382) 968 4697','Gigi',4),(78,'Dr. Septi Wibisono, S.E.','Jl. Pacuan Kuda No. 123\r\nBalikpapan, DI Yogyakarta 42703','+62 (076) 666-6929','Umum',2),(79,'Dr. Rachel Hutapea','Gg. Erlangga No. 5\r\nMeulaboh, Lampung 10930','+62 (000) 111 3152','THT',7),(80,'Dr. dr. Marsudi Gunawan, S.Ked','Jl. Rajawali Timur No. 838\r\nCirebon, KS 20383','+62 (0945) 158 3932','THT',3),(81,'Dr. Makara Nainggolan','Jalan Pacuan Kuda No. 204\r\nKota Administrasi Jakarta Pusat, KR 96803','087 087 8637','Anak',1),(82,'Dr. drg. Anggabaya Hakim, S.Farm','Gang Kendalsari No. 14\r\nMakassar, BB 44106','+62 (583) 138 9312','Umum',3),(83,'Dr. Johan Pradana','Jalan Kapten Muslihat No. 532\r\nKendari, Jawa Barat 71154','+62 (95) 551 2683','Penyakit Dalam',5),(84,'Dr. Tgk. Pranawa Novitasari','Jalan Erlangga No. 652\r\nMalang, RI 63710','+62 (043) 519 2573','Anak',3),(85,'Dr. Gading Ardianto','Jalan M.T Haryono No. 28\r\nAmbon, JI 43944','+62 (0955) 270-3674','Penyakit Dalam',4),(86,'Dr. Sadina Palastri','Gang Lembong No. 1\r\nSungai Penuh, Nusa Tenggara Timur 70816','082 885 7114','Umum',3),(87,'Dr. Natalia Sirait','Jalan Rumah Sakit No. 889\r\nTual, BB 99415','(0436) 524-6427','Umum',7),(88,'Dr. Dr. Tania Hutagalung, M.Pd','Jl. Gardujati No. 6\r\nPalu, GO 11291','(0772) 301 6819','Penyakit Dalam',4),(89,'Dr. Fitria Purnawati','Gang Cikapayang No. 1\r\nMadiun, Jambi 78861','+62 (42) 697 3690','Umum',6),(90,'Dr. Gara Mangunsong','Jalan S. Parman No. 1\r\nBogor, Kalimantan Timur 60035','+62-76-294-9743','THT',3),(91,'Dr. Talia Ramadan, S.I.Kom','Jalan Jakarta No. 63\r\nTarakan, KU 91734','+62-44-601-1780','THT',6),(92,'Dr. Capa Saputra, S.E.I','Jalan Cikutra Timur No. 0\r\nMetro, Sumatera Selatan 61436','(0685) 675 0060','Anak',2),(93,'Dr. Okto Putra','Jl. Bangka Raya No. 16\r\nDenpasar, BE 49752','+62 (30) 066 1849','Anak',1),(94,'Dr. Sutan Laswi Uwais','Gg. Gardujati No. 3\r\nJayapura, BB 32369','+62 (0088) 767-5890','Penyakit Dalam',6),(95,'Dr. Cut Karen Andriani, S.Ked','Gang Pelajar Pejuang No. 364\r\nPangkalpinang, MA 93876','+62-64-146-0932','Umum',3),(96,'Dr. Damu Oktaviani','Jl. Yos Sudarso No. 094\r\nKota Administrasi Jakarta Utara, Kepulauan Bangka Belitung 29514','+62 (000) 703-5002','Anak',7),(97,'Dr. Qori Kuswoyo','Gang Sadang Serang No. 0\r\nPurwokerto, MU 80571','(0996) 723 6786','THT',4),(98,'Dr. Drs. Salsabila Wijayanti','Gg. Sukajadi No. 7\r\nLubuklinggau, SU 05649','087 550 8969','Anak',6),(99,'Dr. Mitra Prasetyo','Gg. Bangka Raya No. 7\r\nMetro, Sulawesi Barat 12903','+62 (96) 324 5623','THT',5),(100,'Dr. Bagus Iswahyudi','Gg. Suryakencana No. 77\r\nBinjai, SN 47957','+62-995-599-2059','Gigi',1);
/*!40000 ALTER TABLE `dokter` ENABLE KEYS */;
UNLOCK TABLES;

--
-- Table structure for table `kunjungan`
--

DROP TABLE IF EXISTS `kunjungan`;
/*!40101 SET @saved_cs_client     = @@character_set_client */;
/*!50503 SET character_set_client = utf8mb4 */;
CREATE TABLE `kunjungan` (
  `id_kunjungan` int NOT NULL,
  `id_pasien` int DEFAULT NULL,
  `tanggal` date DEFAULT NULL,
  `status` varchar(50) DEFAULT NULL,
  `biaya` decimal(15,2) DEFAULT NULL,
  PRIMARY KEY (`id_kunjungan`)
) ENGINE=InnoDB DEFAULT CHARSET=utf8mb4 COLLATE=utf8mb4_0900_ai_ci;
/*!40101 SET character_set_client = @saved_cs_client */;

--
-- Dumping data for table `kunjungan`
--

LOCK TABLES `kunjungan` WRITE;
/*!40000 ALTER TABLE `kunjungan` DISABLE KEYS */;
INSERT INTO `kunjungan` (`id_kunjungan`, `id_pasien`, `tanggal`, `status`, `biaya`) VALUES (1,1,'2023-01-10','Selesai',25000.00),(2,1,'2023-03-15','Rawat Inap',30000.00),(3,1,'2023-06-20','Selesai',40000.00),(4,2,'2023-02-05','Selesai',20000.00),(5,2,'2023-04-10','Rawat Inap',15000.00),(6,2,'2023-08-12','Selesai',18000.00),(7,3,'2023-05-18','Selesai',10000.00),(8,1,'2023-09-05','Selesai',35000.00),(9,2,'2023-11-22','Rawat Inap',22000.00),(10,3,'2023-07-25','Rawat Inap',12000.00),(11,3,'2023-10-30','Selesai',15000.00),(12,4,'2023-03-12','Rawat Inap',50000.00),(13,4,'2023-06-18','Selesai',60000.00),(14,4,'2023-12-01','Selesai',70000.00),(15,5,'2023-01-20','Rawat Inap',30000.00),(16,5,'2023-04-15','Selesai',35000.00),(17,5,'2023-09-10','Rawat Inap',40000.00);
/*!40000 ALTER TABLE `kunjungan` ENABLE KEYS */;
UNLOCK TABLES;

--
-- Table structure for table `obat`
--

DROP TABLE IF EXISTS `obat`;
/*!40101 SET @saved_cs_client     = @@character_set_client */;
/*!50503 SET character_set_client = utf8mb4 */;
CREATE TABLE `obat` (
  `id_obat` int NOT NULL,
  `nama_obat` varchar(100) DEFAULT NULL,
  `jenis_obat` varchar(50) DEFAULT NULL,
  `ukuran` varchar(20) DEFAULT NULL,
  `jumlah` int DEFAULT NULL,
  `harga` decimal(10,2) DEFAULT NULL,
  PRIMARY KEY (`id_obat`)
) ENGINE=InnoDB DEFAULT CHARSET=utf8mb4 COLLATE=utf8mb4_0900_ai_ci;
/*!40101 SET character_set_client = @saved_cs_client */;

--
-- Dumping data for table `obat`
--

LOCK TABLES `obat` WRITE;
/*!40000 ALTER TABLE `obat` DISABLE KEYS */;
INSERT INTO `obat` (`id_obat`, `nama_obat`, `jenis_obat`, `ukuran`, `jumlah`, `harga`) VALUES (1,'Betadine','Cair','30 ml',689,25000.00),(2,'Amoxicillin','Kapsul','500 mg',267,3000.00),(3,'Cetirizine','Tablet','10 mg',460,4500.00),(4,'Ibuprofen','Tablet','400 mg',987,5000.00),(5,'Paracetamol','Tablet','500 mg',122,2500.00),(6,'Loratadine','Tablet','10 mg',823,6000.00),(7,'Amoxicillin','Kapsul','500 mg',624,3000.00),(8,'Betadine','Cair','30 ml',188,25000.00),(9,'OBH Combi','Sirup','100 ml',626,15000.00),(10,'Vitamin C','Tablet Hisap','500 mg',782,1000.00),(11,'Vitamin C','Tablet Hisap','500 mg',532,1000.00),(12,'Paracetamol','Tablet','500 mg',934,2500.00),(13,'Vitamin C','Tablet Hisap','500 mg',282,1000.00),(14,'OBH Combi','Sirup','100 ml',139,15000.00),(15,'Ibuprofen','Tablet','400 mg',566,5000.00),(16,'Amoxicillin','Kapsul','500 mg',991,3000.00),(17,'Betadine','Cair','30 ml',260,25000.00),(18,'OBH Combi','Sirup','100 ml',789,15000.00),(19,'Amoxicillin','Kapsul','500 mg',265,3000.00),(20,'Betadine','Cair','30 ml',316,25000.00),(21,'Loratadine','Tablet','10 mg',489,6000.00),(22,'Vitamin C','Tablet Hisap','500 mg',721,1000.00),(23,'Amoxicillin','Kapsul','500 mg',247,3000.00),(24,'Cetirizine','Tablet','10 mg',436,4500.00),(25,'Ibuprofen','Tablet','400 mg',617,5000.00),(26,'Cetirizine','Tablet','10 mg',299,4500.00),(27,'Cetirizine','Tablet','10 mg',666,4500.00),(28,'Paracetamol','Tablet','500 mg',981,2500.00),(29,'Betadine','Cair','30 ml',661,25000.00),(30,'Betadine','Cair','30 ml',740,25000.00),(31,'Vitamin C','Tablet Hisap','500 mg',522,1000.00),(32,'Vitamin C','Tablet Hisap','500 mg',397,1000.00),(33,'Loratadine','Tablet','10 mg',169,6000.00),(34,'Betadine','Cair','30 ml',922,25000.00),(35,'Betadine','Cair','30 ml',277,25000.00),(36,'Betadine','Cair','30 ml',517,25000.00),(37,'Ibuprofen','Tablet','400 mg',834,5000.00),(38,'Paracetamol','Tablet','500 mg',746,2500.00),(39,'Vitamin C','Tablet Hisap','500 mg',878,1000.00),(40,'Amoxicillin','Kapsul','500 mg',824,3000.00),(41,'Paracetamol','Tablet','500 mg',355,2500.00),(42,'Vitamin C','Tablet Hisap','500 mg',775,1000.00),(43,'Paracetamol','Tablet','500 mg',987,2500.00),(44,'Betadine','Cair','30 ml',193,25000.00),(45,'Cetirizine','Tablet','10 mg',623,4500.00),(46,'Vitamin C','Tablet Hisap','500 mg',635,1000.00),(47,'OBH Combi','Sirup','100 ml',517,15000.00),(48,'Vitamin C','Tablet Hisap','500 mg',901,1000.00),(49,'Paracetamol','Tablet','500 mg',462,2500.00),(50,'Cetirizine','Tablet','10 mg',575,4500.00),(51,'Cetirizine','Tablet','10 mg',127,4500.00),(52,'Ibuprofen','Tablet','400 mg',725,5000.00),(53,'Loratadine','Tablet','10 mg',568,6000.00),(54,'Amoxicillin','Kapsul','500 mg',129,3000.00),(55,'Ibuprofen','Tablet','400 mg',114,5000.00),(56,'Betadine','Cair','30 ml',494,25000.00),(57,'Vitamin C','Tablet Hisap','500 mg',733,1000.00),(58,'Betadine','Cair','30 ml',312,25000.00),(59,'Cetirizine','Tablet','10 mg',118,4500.00),(60,'OBH Combi','Sirup','100 ml',441,15000.00),(61,'Loratadine','Tablet','10 mg',365,6000.00),(62,'Amoxicillin','Kapsul','500 mg',403,3000.00),(63,'Cetirizine','Tablet','10 mg',559,4500.00),(64,'Ibuprofen','Tablet','400 mg',972,5000.00),(65,'Cetirizine','Tablet','10 mg',291,4500.00),(66,'Paracetamol','Tablet','500 mg',462,2500.00),(67,'Paracetamol','Tablet','500 mg',1000,2500.00),(68,'Loratadine','Tablet','10 mg',138,6000.00),(69,'Paracetamol','Tablet','500 mg',862,2500.00),(70,'Paracetamol','Tablet','500 mg',329,2500.00),(71,'Cetirizine','Tablet','10 mg',777,4500.00),(72,'Paracetamol','Tablet','500 mg',956,2500.00),(73,'Paracetamol','Tablet','500 mg',210,2500.00),(74,'Cetirizine','Tablet','10 mg',658,4500.00),(75,'Loratadine','Tablet','10 mg',135,6000.00),(76,'OBH Combi','Sirup','100 ml',337,15000.00),(77,'Loratadine','Tablet','10 mg',575,6000.00),(78,'Loratadine','Tablet','10 mg',150,6000.00),(79,'Vitamin C','Tablet Hisap','500 mg',282,1000.00),(80,'Loratadine','Tablet','10 mg',512,6000.00),(81,'Paracetamol','Tablet','500 mg',344,2500.00),(82,'Amoxicillin','Kapsul','500 mg',818,3000.00),(83,'Cetirizine','Tablet','10 mg',469,4500.00),(84,'Vitamin C','Tablet Hisap','500 mg',854,1000.00),(85,'Ibuprofen','Tablet','400 mg',970,5000.00),(86,'Ibuprofen','Tablet','400 mg',287,5000.00),(87,'Vitamin C','Tablet Hisap','500 mg',384,1000.00),(88,'Cetirizine','Tablet','10 mg',819,4500.00),(89,'Paracetamol','Tablet','500 mg',890,2500.00),(90,'OBH Combi','Sirup','100 ml',939,15000.00),(91,'OBH Combi','Sirup','100 ml',647,15000.00),(92,'OBH Combi','Sirup','100 ml',960,15000.00),(93,'Cetirizine','Tablet','10 mg',749,4500.00),(94,'OBH Combi','Sirup','100 ml',270,15000.00),(95,'Betadine','Cair','30 ml',626,25000.00),(96,'Paracetamol','Tablet','500 mg',167,2500.00),(97,'Paracetamol','Tablet','500 mg',425,2500.00),(98,'Cetirizine','Tablet','10 mg',378,4500.00),(99,'Ibuprofen','Tablet','400 mg',250,5000.00),(100,'Vitamin C','Tablet Hisap','500 mg',715,1000.00);
/*!40000 ALTER TABLE `obat` ENABLE KEYS */;
UNLOCK TABLES;

--
-- Table structure for table `pasien`
--

DROP TABLE IF EXISTS `pasien`;
/*!40101 SET @saved_cs_client     = @@character_set_client */;
/*!50503 SET character_set_client = utf8mb4 */;
CREATE TABLE `pasien` (
  `id_pasien` int NOT NULL,
  `nama` varchar(100) DEFAULT NULL,
  `alamat` varchar(255) DEFAULT NULL,
  `no_hp` varchar(20) DEFAULT NULL,
  `tanggal_lahir` date DEFAULT NULL,
  `golongan_darah` varchar(2) DEFAULT NULL,
  PRIMARY KEY (`id_pasien`),
  KEY `idx_pasien_alamat` (`alamat`),
  KEY `idx_pasien_gol_darah` (`golongan_darah`)
) ENGINE=InnoDB DEFAULT CHARSET=utf8mb4 COLLATE=utf8mb4_0900_ai_ci;
/*!40101 SET character_set_client = @saved_cs_client */;

--
-- Dumping data for table `pasien`
--

LOCK TABLES `pasien` WRITE;
/*!40000 ALTER TABLE `pasien` DISABLE KEYS */;
INSERT INTO `pasien` (`id_pasien`, `nama`, `alamat`, `no_hp`, `tanggal_lahir`, `golongan_darah`) VALUES (1,'Puti Mala Susanti, S.Gz','Gang M.T Haryono No. 5\r\nTidore Kepulauan, ST 75505','(049) 883 9242','1979-09-12','B'),(2,'Puti Andriani, S.Kom','Gang Kebonjati No. 405\r\nDepok, JB 56268','+62 (0309) 226-6348','1965-06-28','AB'),(3,'Ir. Julia Sihotang','Gg. BKR No. 961\r\nBanda Aceh, Riau 49570','(0846) 546 2433','1957-05-16','O'),(4,'Ulya Wastuti','Gang Jend. A. Yani No. 07\r\nBima, Kalimantan Selatan 62512','+62-025-261-3999','2004-01-07','O'),(5,'Harsaya Sinaga','Gang Kutai No. 141\r\nBogor, LA 62767','+62 (060) 448-0556','1994-12-22','O'),(6,'Kiandra Pangestu','Jalan HOS. Cokroaminoto No. 7\r\nMalang, Nusa Tenggara Timur 95834','+62 (300) 032-8263','1996-08-12','B'),(7,'Dono Tarihoran','Gang Soekarno Hatta No. 3\r\nPematangsiantar, Nusa Tenggara Timur 89223','+62-02-197-9518','1953-09-26','A'),(8,'Hesti Riyanti','Gang Pacuan Kuda No. 8\r\nPasuruan, Papua Barat 96698','086 118 7195','2011-06-29','A'),(9,'Adinata Hutasoit','Gg. Yos Sudarso No. 8\r\nBitung, DKI Jakarta 19938','(078) 639-6629','1995-05-21','AB'),(10,'Cengkal Anggriawan','Jl. Kiaracondong No. 132\r\nPekanbaru, Papua Barat 24814','+62 (0777) 983 2491','1979-12-11','A'),(11,'Vicky Waluyo','Gg. Cikapayang No. 267\r\nBatu, Maluku 78986','+62-0356-559-9719','1994-03-30','AB'),(12,'Cahya Samosir','Gang Yos Sudarso No. 231\r\nBinjai, Kalimantan Utara 12964','(080) 947-4665','1983-07-07','A'),(13,'Respati Padmasari, S.T.','Gg. Pasteur No. 29\r\nKota Administrasi Jakarta Selatan, Maluku Utara 93234','+62 (0974) 744 9617','1957-12-12','A'),(14,'Eli Fujiati','Gg. Cempaka No. 1\r\nSawahlunto, Sulawesi Tenggara 57063','083 744 0539','1975-05-19','O'),(15,'Ilsa Hariyah, S.Sos','Gang BKR No. 09\r\nTual, BA 45247','+62-0249-521-3002','1977-01-01','O'),(16,'Tami Zulkarnain','Gang KH Amin Jasuta No. 840\r\nDepok, BT 07965','(077) 925-0579','2016-01-20','B'),(17,'Tgk. Martani Maheswara, S.Sos','Jl. H.J Maemunah No. 9\r\nLhokseumawe, SN 93870','0826984160','2010-07-01','B'),(18,'Cut Yuliana Pratiwi, M.Farm','Jalan Ahmad Yani No. 510\r\nManado, JI 02911','+62 (0340) 891 4139','1958-06-27','B'),(19,'Karen Sihombing','Jl. Pasirkoja No. 3\r\nSawahlunto, SB 21363','+62 (027) 950-6768','1947-01-07','O'),(20,'Hj. Ayu Putra, M.Pd','Gang BKR No. 756\r\nPayakumbuh, Maluku Utara 41494','+62-95-003-7098','1985-10-01','O'),(21,'Darimin Maheswara','Gang HOS. Cokroaminoto No. 5\r\nKota Administrasi Jakarta Barat, PA 91792','083 863 3687','1984-04-04','A'),(22,'Nilam Hariyah','Jl. H.J Maemunah No. 504\r\nMadiun, SS 06583','+62-090-351-1688','1972-02-01','B'),(23,'R. Samiah Wibisono, S.Farm','Jl. Asia Afrika No. 9\r\nTebingtinggi, Banten 61573','(078) 316-0804','2008-08-16','AB'),(24,'Dr. Puji Wahyuni, S.Psi','Jl. Rajawali Barat No. 23\r\nBengkulu, BA 58023','(0012) 667-4195','2006-09-20','A'),(25,'Tami Aryani','Gang Pasirkoja No. 4\r\nBanjarbaru, Sulawesi Tengah 59976','(045) 994 5847','1990-04-25','B'),(26,'Salwa Permata','Jl. Pasirkoja No. 6\r\nDenpasar, KR 57162','+62-567-087-3522','1973-12-24','AB'),(27,'Drs. Rahmi Yolanda','Gang Abdul Muis No. 70\r\nKediri, LA 12914','+62-98-852-3271','1963-04-27','B'),(28,'Alambana Kusumo','Jalan Bangka Raya No. 52\r\nBandar Lampung, SB 62745','+62 (803) 000-3330','2008-11-26','AB'),(29,'Drs. Tami Puspasari','Gg. Moch. Toha No. 2\r\nSalatiga, SB 79637','+62-59-221-1372','1950-12-29','B'),(30,'Rachel Haryanti','Gang KH Amin Jasuta No. 1\r\nMagelang, Kepulauan Riau 92783','(042) 907 5709','1963-09-20','AB'),(31,'Mulya Habibi, S.Gz','Gg. Tebet Barat Dalam No. 730\r\nPalu, Sulawesi Tengah 15694','+62 (737) 117-9214','1985-07-28','O'),(32,'Hendri Waskita','Jl. Lembong No. 5\r\nBau-Bau, Maluku Utara 26596','+62-042-140-8844','2003-04-30','B'),(33,'Septi Budiman','Jalan Cempaka No. 549\r\nPangkalpinang, Kalimantan Tengah 69814','(005) 626-4129','1951-06-24','A'),(34,'Nilam Rahmawati','Jalan Wonoayu No. 483\r\nMadiun, JI 79453','+62 (0405) 838-3527','1962-12-27','AB'),(35,'dr. Ira Melani, S.E.','Jl. W.R. Supratman No. 24\r\nKotamobagu, SB 19456','+62-088-355-8182','1953-04-08','A'),(36,'Emong Halimah','Gg. Kutai No. 514\r\nSungai Penuh, Sulawesi Barat 55557','(034) 617 5133','1963-11-07','B'),(37,'Prasetyo Rahimah','Jalan S. Parman No. 48\r\nPalembang, KT 18286','(060) 175-5895','1951-09-25','A'),(38,'Febi Andriani, M.Farm','Jl. PHH. Mustofa No. 39\r\nMetro, SG 38654','+62 (081) 362-6301','1952-04-14','AB'),(39,'Puti Nurul Narpati','Gg. Rumah Sakit No. 057\r\nSingkawang, Bengkulu 23794','085 701 3691','2016-07-14','O'),(40,'Cengkal Mahendra','Gg. Pasirkoja No. 288\r\nTanjungpinang, Sulawesi Tenggara 58383','+62 (462) 521-0622','2020-03-11','AB'),(41,'Aurora Habibi','Jl. Gardujati No. 09\r\nBogor, BT 76045','+62 (002) 857 6722','1988-12-11','O'),(42,'R. Kani Waskita','Gang Dr. Djunjunan No. 699\r\nBanda Aceh, Gorontalo 25885','(032) 867 0807','2002-11-27','B'),(43,'Ade Tamba, S.Sos','Jalan Rumah Sakit No. 6\r\nBanda Aceh, KB 92295','+62 (031) 558 6356','1982-11-01','AB'),(44,'Dr. Gasti Hasanah, S.IP','Jalan HOS. Cokroaminoto No. 8\r\nBalikpapan, PB 73841','+62 (097) 124-6486','2000-12-04','B'),(45,'Hj. Laras Santoso, S.Sos','Jalan BKR No. 2\r\nProbolinggo, Papua Barat 82699','+62 (028) 230 7608','1971-06-01','B'),(46,'Zelda Prasetya','Jl. Medokan Ayu No. 605\r\nTasikmalaya, AC 01292','+62-46-133-3020','1950-05-03','O'),(47,'R.M. Galih Sinaga','Gang Stasiun Wonokromo No. 84\r\nKota Administrasi Jakarta Selatan, Nusa Tenggara Timur 44273','+62 (0884) 372 5033','1975-03-09','B'),(48,'dr. Ratih Rahimah','Gg. Cikapayang No. 40\r\nKotamobagu, MU 22649','+62-88-155-5920','2000-12-10','O'),(49,'Hamima Hutapea','Gang PHH. Mustofa No. 9\r\nSolok, SN 99918','+62 (083) 570-6616','1960-07-16','AB'),(50,'Putri Firgantoro','Gang Pasirkoja No. 706\r\nMataram, Bali 81116','+62-0416-707-8945','1993-06-05','A'),(51,'Wakiman Waskita','Gg. Jamika No. 3\r\nKota Administrasi Jakarta Utara, MU 90988','+62 (085) 726-9135','1989-04-16','AB'),(52,'Bakidin Saptono','Gg. Raya Setiabudhi No. 56\r\nMeulaboh, Bali 14532','(010) 139 2317','2016-05-27','A'),(53,'KH. Paiman Lestari, S.E.','Gg. Gegerkalong Hilir No. 848\r\nBengkulu, Sulawesi Selatan 70101','+62 (026) 111-9725','1962-08-15','A'),(54,'dr. Tira Megantara','Gg. Monginsidi No. 3\r\nBanjarbaru, MU 04002','+62 (094) 122-7577','1977-02-06','AB'),(55,'Kadir Firgantoro, S.E.','Gg. S. Parman No. 691\r\nKupang, Kalimantan Tengah 38746','+62-38-597-1714','1975-04-13','A'),(56,'R. Hani Yuniar','Jalan Veteran No. 519\r\nBima, DKI Jakarta 56680','+62-476-228-3899','1988-03-29','O'),(57,'dr. Muni Oktaviani','Jalan Ir. H. Djuanda No. 10\r\nBanjar, KB 42020','083 710 3848','2001-07-15','O'),(58,'Bakijan Prasetya','Gg. Waringin No. 5\r\nBatam, Bengkulu 86216','+62 (0545) 191 4712','1972-08-18','A'),(59,'Pia Rahmawati','Jl. Moch. Toha No. 0\r\nPekanbaru, SN 51076','(0698) 361-5035','1946-06-21','O'),(60,'Puti Ana Anggriawan, M.Farm','Gg. Jamika No. 8\r\nBau-Bau, Kalimantan Barat 14134','+62 (334) 809 6623','1964-11-11','B'),(61,'Irnanto Yulianti','Gg. Gegerkalong Hilir No. 0\r\nTanjungpinang, MA 89590','0895821475','2010-04-18','O'),(62,'R.A. Kania Setiawan, S.H.','Gang Indragiri No. 1\r\nBitung, RI 66209','+62-0020-980-2457','2011-02-11','AB'),(63,'Bagas Wastuti','Jalan Cempaka No. 038\r\nKediri, SU 81167','+62 (32) 770-8343','1946-03-12','B'),(64,'Anggabaya Astuti','Gang H.J Maemunah No. 31\r\nPangkalpinang, Kalimantan Barat 37699','086 360 2008','1998-05-24','O'),(65,'Cut Victoria Safitri, M.Farm','Gg. Kebonjati No. 97\r\nMataram, LA 45699','(075) 881-7706','1960-01-15','AB'),(66,'Dt. Prayitna Padmasari','Jl. Kiaracondong No. 82\r\nBanjarmasin, Lampung 82411','+62 (085) 189 6884','1948-01-11','A'),(67,'Mujur Pudjiastuti','Gg. Rajawali Barat No. 460\r\nKupang, Bali 85631','+62 (061) 826-5117','1996-12-29','A'),(68,'R. Raina Lestari','Gg. Moch. Ramdan No. 10\r\nMetro, Maluku 47292','+62 (079) 114-1534','1975-08-25','O'),(69,'Ratna Wibisono, M.Kom.','Jl. R.E Martadinata No. 80\r\nPontianak, PB 47030','+62 (24) 828 0456','1949-08-30','A'),(70,'Mahesa Nainggolan','Jl. Sukabumi No. 359\r\nKotamobagu, ST 45803','+62-159-102-0300','1993-11-26','AB'),(71,'Malik Hariyah','Gang Astana Anyar No. 6\r\nKota Administrasi Jakarta Timur, Sulawesi Selatan 36780','0869009833','1981-07-23','A'),(72,'Drs. Gangsar Hidayanto','Jalan Erlangga No. 87\r\nBontang, KR 26335','+62-350-113-5022','1967-11-15','O'),(73,'Shakila Maheswara, M.Ak','Gang Rawamangun No. 975\r\nSamarinda, Aceh 87590','+62 (98) 270-2408','1949-07-04','B'),(74,'Septi Wahyudin','Gang Ronggowarsito No. 029\r\nSorong, JT 15381','+62 (0089) 968-8915','1946-05-14','B'),(75,'Hasna Maulana','Jalan Yos Sudarso No. 67\r\nPekalongan, Sulawesi Tenggara 10243','+62-0159-525-2856','2003-10-25','B'),(76,'R. Iriana Maryati','Gang Stasiun Wonokromo No. 96\r\nAmbon, Kalimantan Selatan 22261','+62 (0080) 270-6097','2012-04-01','AB'),(77,'Harjasa Namaga','Gg. Kebonjati No. 966\r\nManado, KR 23842','+62 (061) 320 5969','2015-08-18','A'),(78,'Rina Dabukke','Jalan Jend. Sudirman No. 09\r\nDenpasar, Sulawesi Utara 57816','080 282 4634','2011-01-22','A'),(79,'Cut Lala Januar, M.M.','Jalan Jayawijaya No. 343\r\nTanjungbalai, BT 35287','(019) 037-9645','1964-07-09','A'),(80,'Harsanto Narpati','Jalan Surapati No. 06\r\nMalang, Jawa Barat 15980','+62 (44) 033 2666','1985-02-02','B'),(81,'Gilda Yuliarti','Gang Kiaracondong No. 471\r\nPadang, KU 45934','+62-0094-148-9492','1950-04-12','B'),(82,'Bambang Usada','Jl. Bangka Raya No. 263\r\nMojokerto, Riau 24154','+62-972-563-1984','2018-11-08','O'),(83,'Cut Hana Palastri, M.Pd','Jl. M.H Thamrin No. 058\r\nMagelang, Sumatera Selatan 29240','+62-89-236-8305','1982-04-04','A'),(84,'Mariadi Ardianto','Gg. Laswi No. 368\r\nSemarang, Sulawesi Tengah 36042','(052) 913 8703','1950-12-03','AB'),(85,'Hendri Suryatmi, M.TI.','Jl. Cempaka No. 246\r\nPariaman, Maluku Utara 98883','+62 (26) 953 4648','2018-08-03','O'),(86,'Jumari Wasita','Jl. Gedebage Selatan No. 386\r\nDenpasar, PB 50176','(0796) 043-0638','1949-10-28','B'),(87,'Victoria Suwarno','Jalan Kutai No. 68\r\nMeulaboh, Bali 82334','+62 (0741) 097 4319','2002-01-15','AB'),(88,'Puti Febi Purwanti, S.Sos','Gg. M.H Thamrin No. 5\r\nMojokerto, Sulawesi Barat 42068','+62 (0261) 941 3898','1965-10-28','O'),(89,'Kayun Uwais','Jalan W.R. Supratman No. 72\r\nPematangsiantar, MU 95415','+62 (002) 484-2872','1961-04-30','B'),(90,'Ophelia Nasyiah','Gg. Ciumbuleuit No. 3\r\nGorontalo, Kalimantan Tengah 36879','(085) 316 7633','1958-03-07','A'),(91,'Imam Lestari','Gg. Sukabumi No. 678\r\nTanjungbalai, SU 15247','+62 (762) 952-6383','2009-11-05','A'),(92,'drg. Hartana Siregar, S.E.','Jl. PHH. Mustofa No. 43\r\nPariaman, Kepulauan Bangka Belitung 57169','+62 (852) 136-6193','1992-05-01','B'),(93,'Ida Latupono','Jl. Moch. Ramdan No. 14\r\nSubulussalam, NT 96997','+62-0143-259-0060','1955-04-18','AB'),(94,'Ida Mahendra','Gg. Medokan Ayu No. 0\r\nLhokseumawe, SR 04941','+62 (07) 921-4206','1977-03-09','A'),(95,'Olivia Sirait','Jalan Cihampelas No. 486\r\nTangerang Selatan, MA 24973','+62 (23) 119-4945','1988-07-14','O'),(96,'Jagaraga Pratama','Gang Rajawali Timur No. 4\r\nTomohon, GO 20125','+62 (0004) 177 9174','1969-08-23','B'),(97,'Jamal Novitasari','Jl. Ahmad Dahlan No. 480\r\nKota Administrasi Jakarta Barat, KS 83049','+62 (088) 932-0906','1969-11-07','B'),(98,'Ihsan Saefullah','Jalan Astana Anyar No. 672\r\nTidore Kepulauan, MA 67088','(046) 091-8420','1975-05-07','A'),(99,'Latif Permadi','Jalan Cihampelas No. 375\r\nBanjarmasin, SG 67933','+62-0242-414-4061','1997-03-10','A'),(100,'Vera Hastuti, S.Psi','Gg. Ahmad Yani No. 251\r\nPekalongan, KS 09534','+62-054-151-8176','2019-12-14','A');
/*!40000 ALTER TABLE `pasien` ENABLE KEYS */;
UNLOCK TABLES;

--
-- Table structure for table `pembayaran`
--

DROP TABLE IF EXISTS `pembayaran`;
/*!40101 SET @saved_cs_client     = @@character_set_client */;
/*!50503 SET character_set_client = utf8mb4 */;
CREATE TABLE `pembayaran` (
  `id_pembayaran` int NOT NULL,
  `id_registrasi` int DEFAULT NULL,
  `id_kasir` int DEFAULT NULL,
  `total_biaya` decimal(12,2) DEFAULT NULL,
  `metode_pembayaran` varchar(20) DEFAULT NULL,
  `tipe_pembayaran` varchar(20) DEFAULT NULL,
  `status_pembayaran` varchar(20) DEFAULT NULL,
  `tanggal_pembayaran` date DEFAULT NULL,
  PRIMARY KEY (`id_pembayaran`),
  KEY `id_registrasi` (`id_registrasi`),
  KEY `id_kasir` (`id_kasir`),
  CONSTRAINT `pembayaran_ibfk_1` FOREIGN KEY (`id_registrasi`) REFERENCES `registrasi` (`id_registrasi`)
) ENGINE=InnoDB DEFAULT CHARSET=utf8mb4 COLLATE=utf8mb4_0900_ai_ci;
/*!40101 SET character_set_client = @saved_cs_client */;

--
-- Dumping data for table `pembayaran`
--

LOCK TABLES `pembayaran` WRITE;
/*!40000 ALTER TABLE `pembayaran` DISABLE KEYS */;
INSERT INTO `pembayaran` (`id_pembayaran`, `id_registrasi`, `id_kasir`, `total_biaya`, `metode_pembayaran`, `tipe_pembayaran`, `status_pembayaran`, `tanggal_pembayaran`) VALUES (1,1,8,247000.00,'Debit','Umum','Lunas','2025-01-17'),(2,2,77,244000.00,'QRIS','Umum','Lunas','2025-03-12'),(3,3,23,332000.00,'QRIS','Asuransi','Lunas','2024-12-12'),(4,4,49,446000.00,'QRIS','Asuransi','Lunas','2024-06-13'),(5,5,8,172000.00,'Tunai','Asuransi','Lunas','2024-06-30'),(6,6,71,287000.00,'Debit','Umum','Lunas','2024-07-24'),(7,7,55,101000.00,'Debit','Asuransi','Lunas','2025-04-03'),(8,8,72,432000.00,'QRIS','Asuransi','Lunas','2025-03-07'),(9,9,69,105000.00,'QRIS','Asuransi','Lunas','2024-10-01'),(10,10,60,408000.00,'QRIS','Asuransi','Lunas','2025-03-06'),(11,11,17,375000.00,'QRIS','Asuransi','Lunas','2025-05-22'),(12,12,60,101000.00,'QRIS','Umum','Lunas','2024-11-09'),(13,13,60,184000.00,'QRIS','Asuransi','Lunas','2025-01-18'),(14,14,44,442000.00,'Tunai','Umum','Lunas','2024-06-13'),(15,15,54,217000.00,'QRIS','Umum','Lunas','2025-04-14'),(16,16,66,244000.00,'Debit','Asuransi','Lunas','2024-09-13'),(17,17,11,440000.00,'Debit','Umum','Lunas','2025-04-21'),(18,18,61,86000.00,'QRIS','Asuransi','Lunas','2025-01-05'),(19,19,58,234000.00,'Tunai','Asuransi','Lunas','2025-04-30'),(20,20,83,197000.00,'Tunai','Umum','Lunas','2024-07-29'),(21,21,19,310000.00,'Debit','Umum','Lunas','2024-07-20'),(22,22,74,445000.00,'Tunai','Umum','Lunas','2025-03-01'),(23,23,27,196000.00,'Debit','Asuransi','Lunas','2025-05-02'),(24,24,20,475000.00,'QRIS','Asuransi','Lunas','2025-03-18'),(25,25,20,161000.00,'Debit','Asuransi','Lunas','2025-05-21'),(26,26,75,472000.00,'Debit','Asuransi','Lunas','2024-06-25'),(27,27,29,484000.00,'Tunai','Umum','Lunas','2024-07-12'),(28,28,50,147000.00,'Debit','Asuransi','Lunas','2024-11-02'),(29,29,16,266000.00,'Debit','Umum','Lunas','2025-03-15'),(30,30,38,165000.00,'Tunai','Umum','Lunas','2024-07-22'),(31,31,94,490000.00,'Debit','Umum','Lunas','2024-10-21'),(32,32,67,405000.00,'Tunai','Asuransi','Lunas','2024-12-31'),(33,33,30,389000.00,'QRIS','Umum','Lunas','2024-10-01'),(34,34,89,133000.00,'Debit','Asuransi','Lunas','2025-05-14'),(35,35,32,92000.00,'Debit','Asuransi','Lunas','2025-05-01'),(36,36,3,123000.00,'Tunai','Asuransi','Lunas','2025-03-31'),(37,37,73,427000.00,'Debit','Umum','Lunas','2025-03-14'),(38,38,28,157000.00,'Debit','Asuransi','Lunas','2024-12-11'),(39,39,55,407000.00,'QRIS','Umum','Lunas','2024-09-06'),(40,40,38,152000.00,'QRIS','Umum','Lunas','2025-03-10'),(41,41,89,385000.00,'QRIS','Asuransi','Lunas','2025-01-15'),(42,42,66,381000.00,'Tunai','Asuransi','Lunas','2024-11-25'),(43,43,13,484000.00,'Tunai','Asuransi','Lunas','2025-04-07'),(44,44,60,433000.00,'Debit','Asuransi','Lunas','2024-06-10'),(45,45,4,166000.00,'Tunai','Asuransi','Lunas','2025-01-18'),(46,46,52,429000.00,'Debit','Umum','Lunas','2025-05-05'),(47,47,94,415000.00,'Tunai','Umum','Lunas','2025-03-30'),(48,48,44,389000.00,'Debit','Umum','Lunas','2024-11-12'),(49,49,67,487000.00,'QRIS','Umum','Lunas','2024-09-12'),(50,50,2,239000.00,'QRIS','Umum','Lunas','2025-05-16'),(51,51,7,295000.00,'Debit','Asuransi','Lunas','2025-04-20'),(52,52,98,88000.00,'Tunai','Umum','Lunas','2025-04-28'),(53,53,79,353000.00,'Debit','Asuransi','Lunas','2024-08-10'),(54,54,99,417000.00,'QRIS','Umum','Lunas','2025-01-15'),(55,55,57,186000.00,'Debit','Asuransi','Lunas','2024-12-22'),(56,56,46,434000.00,'Debit','Asuransi','Lunas','2024-07-30'),(57,57,81,312000.00,'Debit','Asuransi','Lunas','2024-08-25'),(58,58,74,323000.00,'QRIS','Asuransi','Lunas','2024-09-12'),(59,59,15,236000.00,'Tunai','Asuransi','Lunas','2024-12-13'),(60,60,76,323000.00,'Debit','Asuransi','Lunas','2025-02-27'),(61,61,21,154000.00,'QRIS','Umum','Lunas','2024-10-10'),(62,62,59,496000.00,'Tunai','Umum','Lunas','2025-03-31'),(63,63,36,445000.00,'Tunai','Asuransi','Lunas','2025-05-27'),(64,64,53,166000.00,'QRIS','Umum','Lunas','2024-09-08'),(65,65,48,369000.00,'QRIS','Umum','Lunas','2025-01-25'),(66,66,47,204000.00,'Debit','Asuransi','Lunas','2024-06-20'),(67,67,88,212000.00,'Tunai','Umum','Lunas','2024-06-28'),(68,68,78,173000.00,'Tunai','Asuransi','Lunas','2024-06-03'),(69,69,47,264000.00,'Tunai','Asuransi','Lunas','2024-07-26'),(70,70,68,293000.00,'QRIS','Umum','Lunas','2025-03-16'),(71,71,100,251000.00,'Tunai','Umum','Lunas','2024-07-07'),(72,72,86,268000.00,'QRIS','Umum','Lunas','2024-11-21'),(73,73,14,233000.00,'Debit','Umum','Lunas','2025-05-14'),(74,74,8,143000.00,'QRIS','Umum','Lunas','2025-05-04'),(75,75,53,420000.00,'Debit','Umum','Lunas','2025-05-22'),(76,76,17,270000.00,'Tunai','Asuransi','Lunas','2025-02-25'),(77,77,44,168000.00,'QRIS','Asuransi','Lunas','2024-07-19'),(78,78,76,355000.00,'Tunai','Asuransi','Lunas','2024-12-28'),(79,79,1,236000.00,'QRIS','Asuransi','Lunas','2024-06-14'),(80,80,74,80000.00,'Debit','Umum','Lunas','2024-11-07'),(81,81,11,491000.00,'QRIS','Umum','Lunas','2024-07-26'),(82,82,38,224000.00,'Tunai','Umum','Lunas','2025-01-23'),(83,83,59,153000.00,'Tunai','Umum','Lunas','2025-04-26'),(84,84,74,237000.00,'QRIS','Umum','Lunas','2024-12-03'),(85,85,29,88000.00,'QRIS','Umum','Lunas','2025-02-26'),(86,86,31,143000.00,'Debit','Asuransi','Lunas','2024-08-30'),(87,87,91,179000.00,'Debit','Asuransi','Lunas','2024-11-09'),(88,88,79,468000.00,'Tunai','Umum','Lunas','2025-02-05'),(89,89,94,494000.00,'QRIS','Umum','Lunas','2024-07-21'),(90,90,23,325000.00,'Debit','Asuransi','Lunas','2024-12-28'),(91,91,81,449000.00,'Tunai','Umum','Lunas','2025-01-23'),(92,92,86,113000.00,'Debit','Asuransi','Lunas','2024-12-29'),(93,93,24,297000.00,'Tunai','Umum','Lunas','2025-04-23'),(94,94,99,444000.00,'QRIS','Asuransi','Lunas','2025-03-28'),(95,95,81,122000.00,'Debit','Asuransi','Lunas','2024-10-01'),(96,96,15,372000.00,'Tunai','Asuransi','Lunas','2025-05-23'),(97,97,86,186000.00,'Debit','Umum','Lunas','2025-04-19'),(98,98,60,78000.00,'Tunai','Umum','Lunas','2024-09-28'),(99,99,61,281000.00,'QRIS','Umum','Lunas','2024-12-10'),(100,100,10,296000.00,'QRIS','Asuransi','Lunas','2024-07-09'),(101,101,1,150000.00,'QRIS','Asuransi','Lunas','2025-01-01'),(102,102,2,320000.00,'Debit','Umum','Lunas','2025-01-02'),(103,103,3,175000.00,'Tunai','Asuransi','Lunas','2025-01-03'),(104,104,4,210000.00,'QRIS','Umum','Lunas','2025-01-04'),(105,105,5,180000.00,'Debit','Asuransi','Lunas','2025-01-05'),(106,106,6,250000.00,'Tunai','Umum','Lunas','2025-01-06'),(107,107,7,190000.00,'QRIS','Asuransi','Lunas','2025-01-07'),(108,108,8,165000.00,'Debit','Umum','Lunas','2025-01-08'),(109,109,9,450000.00,'Tunai','Asuransi','Lunas','2025-01-09'),(110,110,10,230000.00,'QRIS','Umum','Lunas','2025-01-10'),(111,111,11,155000.00,'Debit','Asuransi','Lunas','2025-01-11'),(112,112,12,200000.00,'Tunai','Umum','Lunas','2025-01-12'),(113,113,13,300000.00,'QRIS','Asuransi','Lunas','2025-01-13'),(114,114,14,220000.00,'Debit','Umum','Lunas','2025-01-14'),(115,115,15,140000.00,'Tunai','Asuransi','Lunas','2025-01-15'),(116,116,16,310000.00,'QRIS','Umum','Lunas','2025-01-16'),(117,117,17,185000.00,'Debit','Asuransi','Lunas','2025-01-17'),(118,118,18,245000.00,'Tunai','Umum','Lunas','2025-01-18'),(119,119,19,170000.00,'QRIS','Asuransi','Lunas','2025-01-19'),(120,120,20,260000.00,'Debit','Umum','Lunas','2025-01-20'),(121,121,21,195000.00,'Tunai','Asuransi','Lunas','2025-01-21'),(122,122,22,400000.00,'QRIS','Umum','Lunas','2025-01-22'),(123,123,23,215000.00,'Debit','Asuransi','Lunas','2025-01-23'),(124,124,24,125000.00,'Tunai','Umum','Lunas','2025-01-24'),(125,125,25,205000.00,'QRIS','Asuransi','Lunas','2025-01-25'),(126,126,26,280000.00,'Debit','Umum','Lunas','2025-01-26'),(127,127,27,235000.00,'Tunai','Asuransi','Lunas','2025-01-27'),(128,128,28,130000.00,'QRIS','Umum','Lunas','2025-01-28'),(129,129,29,480000.00,'Debit','Asuransi','Lunas','2025-01-29'),(130,130,30,240000.00,'Tunai','Umum','Lunas','2025-01-30'),(131,131,31,145000.00,'QRIS','Asuransi','Lunas','2025-01-31'),(132,132,32,225000.00,'Debit','Umum','Lunas','2025-02-01'),(133,133,33,330000.00,'Tunai','Asuransi','Lunas','2025-02-02'),(134,134,34,210000.00,'QRIS','Umum','Lunas','2025-02-03'),(135,135,35,160000.00,'Debit','Asuransi','Lunas','2025-02-04'),(136,136,36,270000.00,'Tunai','Umum','Lunas','2025-02-05'),(137,137,37,200000.00,'QRIS','Asuransi','Lunas','2025-02-06'),(138,138,38,180000.00,'Debit','Umum','Lunas','2025-02-07'),(139,139,39,190000.00,'Tunai','Asuransi','Lunas','2025-02-08'),(140,140,40,290000.00,'QRIS','Umum','Lunas','2025-02-09'),(141,141,41,175000.00,'Debit','Asuransi','Lunas','2025-02-10'),(142,142,42,350000.00,'Tunai','Umum','Lunas','2025-02-11'),(143,143,43,205000.00,'QRIS','Asuransi','Lunas','2025-02-12'),(144,144,44,150000.00,'Debit','Umum','Lunas','2025-02-13'),(145,145,45,230000.00,'Tunai','Asuransi','Lunas','2025-02-14'),(146,146,46,300000.00,'QRIS','Umum','Lunas','2025-02-15'),(147,147,47,185000.00,'Debit','Asuransi','Lunas','2025-02-16'),(148,148,48,250000.00,'Tunai','Umum','Lunas','2025-02-17'),(149,149,49,420000.00,'QRIS','Asuransi','Lunas','2025-02-18'),(150,150,50,220000.00,'Debit','Umum','Lunas','2025-02-19'),(151,151,51,165000.00,'Tunai','Asuransi','Lunas','2025-02-20'),(152,152,52,210000.00,'QRIS','Umum','Lunas','2025-02-21'),(153,153,53,280000.00,'Debit','Asuransi','Lunas','2025-02-22'),(154,154,54,195000.00,'Tunai','Umum','Lunas','2025-02-23'),(155,155,55,340000.00,'QRIS','Asuransi','Lunas','2025-02-24'),(156,156,56,260000.00,'Debit','Umum','Lunas','2025-02-25'),(157,157,57,170000.00,'Tunai','Asuransi','Lunas','2025-02-26'),(158,158,58,240000.00,'QRIS','Umum','Lunas','2025-02-27'),(159,159,59,310000.00,'Debit','Asuransi','Lunas','2025-02-28'),(160,160,60,225000.00,'Tunai','Umum','Lunas','2025-03-01'),(161,161,61,180000.00,'QRIS','Asuransi','Lunas','2025-03-02'),(162,162,62,360000.00,'Debit','Umum','Lunas','2025-03-03'),(163,163,63,200000.00,'Tunai','Asuransi','Lunas','2025-03-04'),(164,164,64,190000.00,'QRIS','Umum','Lunas','2025-03-05'),(165,165,65,215000.00,'Debit','Asuransi','Lunas','2025-03-06'),(166,166,66,290000.00,'Tunai','Umum','Lunas','2025-03-07'),(167,167,67,250000.00,'QRIS','Asuransi','Lunas','2025-03-08'),(168,168,68,140000.00,'Debit','Umum','Lunas','2025-03-09'),(169,169,69,430000.00,'Tunai','Asuransi','Lunas','2025-03-10'),(170,170,70,235000.00,'QRIS','Umum','Lunas','2025-03-11'),(171,171,71,160000.00,'Debit','Asuransi','Lunas','2025-03-12'),(172,172,72,220000.00,'Tunai','Umum','Lunas','2025-03-13'),(173,173,73,300000.00,'QRIS','Asuransi','Lunas','2025-03-14'),(174,174,74,245000.00,'Debit','Umum','Lunas','2025-03-15'),(175,175,75,155000.00,'Tunai','Asuransi','Lunas','2025-03-16'),(176,176,76,320000.00,'QRIS','Umum','Lunas','2025-03-17'),(177,177,77,195000.00,'Debit','Asuransi','Lunas','2025-03-18'),(178,178,78,270000.00,'Tunai','Umum','Lunas','2025-03-19'),(179,179,79,180000.00,'QRIS','Asuransi','Lunas','2025-03-20'),(180,180,80,265000.00,'Debit','Umum','Lunas','2025-03-21'),(181,181,81,205000.00,'Tunai','Asuransi','Lunas','2025-03-22'),(182,182,82,410000.00,'QRIS','Umum','Lunas','2025-03-23'),(183,183,83,210000.00,'Debit','Asuransi','Lunas','2025-03-24'),(184,184,84,135000.00,'Tunai','Umum','Lunas','2025-03-25'),(185,185,85,230000.00,'QRIS','Asuransi','Lunas','2025-03-26'),(186,186,86,295000.00,'Debit','Umum','Lunas','2025-03-27'),(187,187,87,260000.00,'Tunai','Asuransi','Lunas','2025-03-28'),(188,188,88,150000.00,'QRIS','Umum','Lunas','2025-03-29'),(189,189,89,500000.00,'Debit','Asuransi','Lunas','2025-03-30'),(190,190,90,255000.00,'Tunai','Umum','Lunas','2025-03-31'),(191,191,91,170000.00,'QRIS','Asuransi','Lunas','2025-04-01'),(192,192,92,240000.00,'Debit','Umum','Lunas','2025-04-02'),(193,193,93,330000.00,'Tunai','Asuransi','Lunas','2025-04-03'),(194,194,94,275000.00,'QRIS','Umum','Lunas','2025-04-04'),(195,195,95,185000.00,'Debit','Asuransi','Lunas','2025-04-05'),(196,196,96,350000.00,'Tunai','Umum','Lunas','2025-04-06'),(197,197,97,215000.00,'QRIS','Asuransi','Lunas','2025-04-07'),(198,198,98,280000.00,'Debit','Umum','Lunas','2025-04-08'),(199,199,99,200000.00,'Tunai','Asuransi','Lunas','2025-04-09'),(200,200,100,300000.00,'QRIS','Umum','Lunas','2025-04-10');
/*!40000 ALTER TABLE `pembayaran` ENABLE KEYS */;
UNLOCK TABLES;

--
-- Table structure for table `pemeriksaan`
--

DROP TABLE IF EXISTS `pemeriksaan`;
/*!40101 SET @saved_cs_client     = @@character_set_client */;
/*!50503 SET character_set_client = utf8mb4 */;
CREATE TABLE `pemeriksaan` (
  `id_pemeriksaan` int NOT NULL,
  `id_registrasi` int DEFAULT NULL,
  `id_dokter` int DEFAULT NULL,
  `id_perawat` int DEFAULT NULL,
  `keluhan` text,
  `berat_badan` decimal(5,2) DEFAULT NULL,
  `tinggi_badan` decimal(5,2) DEFAULT NULL,
  `suhu` decimal(4,2) DEFAULT NULL,
  `hasil_pemeriksaan` text,
  `tanggal_pemeriksaan` date DEFAULT NULL,
  PRIMARY KEY (`id_pemeriksaan`),
  KEY `id_registrasi` (`id_registrasi`),
  KEY `id_dokter` (`id_dokter`),
  KEY `id_perawat` (`id_perawat`),
  KEY `idx_pemeriksaan_tgl` (`tanggal_pemeriksaan`),
  KEY `idx_pemeriksaan_keluhan` (`keluhan`(255)),
  CONSTRAINT `pemeriksaan_ibfk_1` FOREIGN KEY (`id_registrasi`) REFERENCES `registrasi` (`id_registrasi`),
  CONSTRAINT `pemeriksaan_ibfk_2` FOREIGN KEY (`id_dokter`) REFERENCES `dokter` (`id_dokter`),
  CONSTRAINT `pemeriksaan_ibfk_3` FOREIGN KEY (`id_perawat`) REFERENCES `perawat` (`id_perawat`)
) ENGINE=InnoDB DEFAULT CHARSET=utf8mb4 COLLATE=utf8mb4_0900_ai_ci;
/*!40101 SET character_set_client = @saved_cs_client */;

--
-- Dumping data for table `pemeriksaan`
--

LOCK TABLES `pemeriksaan` WRITE;
/*!40000 ALTER TABLE `pemeriksaan` DISABLE KEYS */;
INSERT INTO `pemeriksaan` (`id_pemeriksaan`, `id_registrasi`, `id_dokter`, `id_perawat`, `keluhan`, `berat_badan`, `tinggi_badan`, `suhu`, `hasil_pemeriksaan`, `tanggal_pemeriksaan`) VALUES (1,1,100,88,'Enim in qui culpa.',70.34,158.82,37.60,'Culpa aperiam vel maxime dicta asperiores illo asperiores doloribus.','2025-01-17'),(2,2,19,28,'Totam adipisci commodi veniam perferendis aliquam.',65.81,186.23,37.61,'Ullam eligendi error voluptas ex quos molestiae.','2025-03-12'),(3,3,1,68,'Hic consequuntur magnam nostrum voluptates.',64.01,183.70,37.93,'Vero aut quos doloremque temporibus facilis eius quidem.','2024-12-12'),(4,4,100,79,'Qui laboriosam iusto sed odit iusto.',61.39,156.60,36.92,'Eaque repudiandae eos dolorum est numquam corporis quaerat facilis voluptatibus reiciendis.','2024-06-13'),(5,5,4,39,'Nam doloremque nobis ducimus.',79.43,180.85,38.75,'Animi autem autem fugit vero alias libero ipsam sint dolores omnis.','2024-06-30'),(6,6,97,8,'Odio maiores soluta.',75.69,155.87,37.28,'Consectetur minima excepturi ea cumque reprehenderit accusamus tempora eos blanditiis error.','2024-07-24'),(7,7,76,67,'Quasi quia fugiat laborum assumenda illum ratione voluptates.',48.38,189.55,38.22,'Excepturi eum amet repellat laborum fugit voluptate laboriosam aliquam illum aspernatur vitae.','2025-04-03'),(8,8,15,46,'Quidem vitae voluptate rem nesciunt.',71.78,165.66,38.85,'Sed nesciunt laboriosam explicabo cupiditate facere dolore possimus ullam quia placeat est.','2025-03-07'),(9,9,27,61,'Ea doloremque alias mollitia sit provident.',68.71,179.91,37.08,'Modi numquam blanditiis qui nihil nisi minus error assumenda.','2024-10-01'),(10,10,81,16,'Quod repudiandae sequi saepe.',88.81,189.70,38.87,'Corrupti ipsa pariatur repudiandae cum provident ducimus debitis consequatur.','2025-03-06'),(11,11,28,7,'Praesentium molestiae ut laborum saepe asperiores pariatur ea.',78.44,168.02,38.82,'Et dolorum labore neque et sequi placeat et animi.','2025-05-22'),(12,12,54,59,'Nisi maxime id at natus.',58.06,175.91,36.67,'Veniam alias possimus delectus cumque vero magnam eaque illo corporis tempore facere.','2024-11-09'),(13,13,35,5,'Consectetur a officia nesciunt molestiae.',80.81,180.02,38.81,'Nostrum sit ipsam eos animi saepe vitae.','2025-01-18'),(14,14,12,82,'Harum accusamus ullam harum consequatur ab similique nemo.',67.85,171.27,37.37,'Assumenda quaerat soluta quia fugiat pariatur hic ab sit eum nostrum minima.','2024-06-13'),(15,15,23,22,'Eos perspiciatis soluta voluptatem laboriosam.',69.92,165.12,38.14,'Maiores tempore ipsum nesciunt quibusdam voluptas.','2025-04-14'),(16,16,54,4,'Eum pariatur reprehenderit eum.',54.41,172.46,36.78,'Recusandae deserunt praesentium delectus tempore incidunt molestias dolore accusamus doloremque.','2024-09-13'),(17,17,56,3,'Ratione aut odio quidem corporis.',52.17,159.02,37.69,'Aliquam odit aliquam quod sapiente possimus.','2025-04-21'),(18,18,45,72,'Quod voluptas in ad amet sint inventore.',62.91,173.07,38.60,'Tempora repudiandae voluptatem molestiae fugit incidunt itaque perferendis exercitationem.','2025-01-05'),(19,19,93,78,'Molestiae minus officiis quia magnam molestiae dolorum.',74.09,172.11,38.53,'Pariatur eum minus quas fugiat magnam cumque aut inventore nam quam eveniet quam.','2025-04-30'),(20,20,56,57,'Harum nostrum facere blanditiis perferendis sequi dolores.',58.55,172.95,38.03,'Nisi magni ducimus soluta quos eaque quod placeat explicabo accusantium commodi natus.','2024-07-29'),(21,21,22,54,'Quidem quidem sunt consequatur odit minima aliquid consectetur.',54.34,165.52,37.83,'Odio eaque labore aliquam ipsam aperiam magnam nobis officia ea id nihil ea.','2024-07-20'),(22,22,29,9,'Fuga neque deserunt error alias quisquam consequatur.',86.95,181.43,38.55,'Earum facilis sapiente ipsam veniam odio non illum molestiae perspiciatis aliquid error at.','2025-03-01'),(23,23,2,53,'Saepe ad voluptate saepe.',59.89,156.73,38.43,'Officiis voluptatem aut eaque accusantium sapiente recusandae atque.','2025-05-02'),(24,24,100,97,'Cum illo laborum placeat molestias exercitationem dolore.',69.87,187.32,37.02,'Debitis culpa corrupti ullam veritatis vitae maxime quisquam vitae nemo nihil accusantium quas.','2025-03-18'),(25,25,54,50,'Mollitia ipsa rem neque.',49.09,180.76,37.32,'Aliquam quisquam possimus ipsa eligendi placeat neque natus sunt ut illo excepturi impedit.','2025-05-21'),(26,26,76,70,'Ea ea reiciendis totam.',78.97,164.90,36.56,'Incidunt magnam iste reiciendis quos modi recusandae eum.','2024-06-25'),(27,27,33,88,'Rerum laudantium qui porro.',83.07,176.99,37.31,'Voluptas dignissimos ea fugiat temporibus saepe.','2024-07-12'),(28,28,18,55,'Facilis similique quam dignissimos adipisci voluptates.',68.85,169.74,37.27,'Quaerat explicabo mollitia et eius occaecati.','2024-11-02'),(29,29,22,76,'Esse consequuntur dolores corrupti.',53.93,173.58,38.18,'Nostrum nostrum sed saepe error placeat omnis exercitationem id minus ipsa.','2025-03-15'),(30,30,10,59,'Rerum optio quis tempore.',62.17,150.15,38.19,'Facere fugiat odit ea consequatur iste laudantium numquam commodi et sint magni.','2024-07-22'),(31,31,82,20,'Laboriosam consectetur rem tempore nam quaerat fugiat.',76.47,152.84,38.83,'Distinctio a aliquam eum libero eaque consectetur aut a accusantium molestiae itaque.','2024-10-21'),(32,32,55,4,'Optio dolor occaecati sapiente repellat.',66.46,185.84,36.61,'Deserunt impedit rerum deserunt enim voluptas placeat nam similique corrupti velit.','2024-12-31'),(33,33,29,31,'Unde aperiam repellat ut dicta.',83.26,158.95,36.92,'Doloribus odit architecto architecto accusantium excepturi natus illum et.','2024-10-01'),(34,34,47,32,'Autem provident debitis atque in vitae.',50.16,168.32,37.28,'At repellendus voluptate cumque numquam eum dolores odit minima rerum.','2025-05-14'),(35,35,49,37,'Culpa accusantium sequi odit facere perspiciatis itaque.',88.12,155.58,38.59,'Corrupti unde quis quasi animi ut enim eaque sapiente nulla.','2025-05-01'),(36,36,16,29,'Temporibus enim vitae tempora at repellat.',60.21,187.06,37.59,'Officia sequi voluptatem quo placeat illum ipsum nisi.','2025-03-31'),(37,37,79,10,'Ea corrupti ipsa unde quod tempore.',78.36,152.14,38.78,'Esse aliquam ipsa distinctio fuga exercitationem laborum architecto nesciunt quidem aspernatur perferendis ullam.','2025-03-14'),(38,38,100,60,'Et cum soluta quos.',49.79,182.89,38.77,'Facere reprehenderit non optio ab asperiores explicabo ipsam.','2024-12-11'),(39,39,33,15,'Rem laborum ad praesentium saepe laudantium fuga amet.',68.25,159.92,36.69,'Nemo repellendus earum illum quibusdam quasi nihil explicabo.','2024-09-06'),(40,40,83,41,'Doloribus sunt ut mollitia.',59.06,161.71,36.58,'Corrupti inventore quas amet qui a quisquam laborum quas adipisci.','2025-03-10'),(41,41,5,98,'Ea iure placeat dolorum sit libero sint.',81.84,186.69,36.99,'Perspiciatis in optio illum dicta cupiditate quis hic.','2025-01-15'),(42,42,31,72,'Odit sit tempora natus.',71.60,151.10,38.32,'Sequi architecto est nemo repellat sapiente.','2024-11-25'),(43,43,17,76,'Sint explicabo suscipit architecto.',53.79,151.66,36.84,'Cum officiis natus dolorem quae laborum repudiandae error totam laborum.','2025-04-07'),(44,44,4,32,'Aliquam cum distinctio reprehenderit.',86.00,182.46,36.67,'Distinctio alias quasi totam placeat laudantium nesciunt eligendi fuga nam.','2024-06-10'),(45,45,55,17,'Asperiores atque omnis officiis amet minima esse.',85.82,177.66,36.71,'Tempora iste inventore blanditiis vero mollitia quia fugit dolore voluptatum impedit quos aliquam.','2025-01-18'),(46,46,81,92,'Enim minima alias quasi.',72.34,186.43,36.98,'Voluptate animi repellat quisquam odit maiores culpa voluptate expedita cumque ad sed accusamus incidunt.','2025-05-05'),(47,47,1,25,'Ratione laborum nemo autem.',63.81,158.51,37.25,'Eius in velit architecto occaecati dignissimos veritatis cum iusto labore fugit a.','2025-03-30'),(48,48,11,74,'Inventore eveniet blanditiis mollitia deserunt illum placeat.',63.00,173.65,38.18,'Modi mollitia earum similique dignissimos excepturi itaque.','2024-11-12'),(49,49,81,86,'Itaque itaque rerum perspiciatis magnam perspiciatis amet.',50.53,157.20,37.75,'Illo labore similique ipsa placeat vel nihil nesciunt nulla hic placeat.','2024-09-12'),(50,50,97,54,'Earum iure iusto eos ex accusamus nesciunt placeat.',56.40,171.44,37.55,'Porro sed rem optio ut corporis quo eos laudantium ex.','2025-05-16'),(51,51,3,26,'Iusto minima tenetur omnis.',89.36,175.72,36.77,'Nam quidem repellendus praesentium dolor sed.','2025-04-20'),(52,52,15,57,'Minima repellendus nemo mollitia harum.',59.23,169.34,37.21,'Vitae esse tempora modi reiciendis distinctio facere totam eum recusandae quae.','2025-04-28'),(53,53,31,66,'Aut tempore laborum vitae hic nisi.',72.36,157.19,38.78,'Corporis eum repellat magni vel neque cum quasi quas sed inventore tempore deleniti.','2024-08-10'),(54,54,6,59,'Optio impedit minima ex alias.',78.85,160.11,38.43,'Aliquid et id eius dolores dolore fugiat blanditiis porro beatae illum.','2025-01-15'),(55,55,39,17,'Pariatur sed enim esse eveniet ea.',58.14,150.26,37.76,'Soluta sint in omnis maiores modi explicabo quis odio.','2024-12-22'),(56,56,55,22,'Amet dignissimos alias quae placeat eligendi earum.',58.28,157.77,37.52,'Saepe voluptatum voluptas culpa doloribus minima eaque autem sint omnis sequi fugiat velit.','2024-07-30'),(57,57,49,100,'Quae ut soluta quidem autem dolorum.',84.89,168.83,38.20,'Accusantium hic sed ullam incidunt dicta earum officiis.','2024-08-25'),(58,58,31,46,'Nisi voluptatem eos labore doloremque ad.',66.91,170.61,38.42,'Animi incidunt maiores sequi quos quisquam molestiae minima.','2024-09-12'),(59,59,94,7,'Ratione cupiditate voluptas eveniet eius quod excepturi incidunt.',78.35,189.75,37.49,'Similique praesentium occaecati quas possimus vel repellat aliquid quod occaecati deserunt voluptatem.','2024-12-13'),(60,60,7,10,'Dolor harum laborum suscipit.',48.31,185.69,37.68,'Reprehenderit id totam ab explicabo aspernatur dolor quis rem excepturi soluta quia.','2025-02-27'),(61,61,69,94,'Odio sequi dignissimos culpa laboriosam.',70.84,164.02,38.95,'Odit iste ad maiores commodi voluptates itaque totam possimus quo enim sapiente.','2024-10-10'),(62,62,59,96,'Doloribus autem consequatur reprehenderit odio dolores rem.',64.35,171.56,38.28,'Repudiandae sunt nemo amet esse repudiandae ex cum ex possimus odit vel nisi architecto.','2025-03-31'),(63,63,73,10,'Quia reprehenderit provident repellat cupiditate deleniti et minus.',48.19,151.96,38.36,'Doloremque nesciunt quas veritatis ex nemo laborum ullam.','2025-05-27'),(64,64,52,93,'Cum illum blanditiis optio accusamus nobis ex similique.',65.06,154.59,37.89,'Voluptatum veniam deleniti incidunt labore eaque cupiditate eligendi consequatur blanditiis laborum adipisci odio.','2024-09-08'),(65,65,71,18,'Cumque officiis distinctio reiciendis deserunt nulla.',63.52,187.31,37.65,'Nihil inventore sint nobis facilis repudiandae fugit.','2025-01-25'),(66,66,14,92,'Eius aliquam odio consequuntur laborum ut.',51.99,179.52,37.24,'Amet repellat magni quos animi blanditiis ad animi modi sit accusamus repudiandae.','2024-06-20'),(67,67,8,100,'Nobis repellendus quis occaecati eum explicabo.',63.65,187.27,37.85,'Assumenda atque consectetur unde perferendis beatae molestiae quidem minima corporis dolores.','2024-06-28'),(68,68,75,30,'Eligendi in deserunt voluptatum illum veritatis.',80.79,172.40,38.44,'Dolor voluptatum tempora doloribus distinctio cum ratione tempora quae.','2024-06-03'),(69,69,64,4,'Atque corrupti rerum.',64.63,157.99,38.33,'Adipisci doloremque qui perferendis tempore natus dolor unde.','2024-07-26'),(70,70,2,45,'Laboriosam repellat ducimus itaque praesentium.',70.17,179.93,38.16,'Facere quis nihil nulla nobis distinctio rerum error maxime dolor.','2025-03-16'),(71,71,68,26,'Officiis ratione autem assumenda.',76.58,168.18,38.61,'Neque libero at sapiente expedita quae maiores earum.','2024-07-07'),(72,72,90,22,'Magnam dolorum totam ratione porro ducimus.',66.25,181.97,37.20,'Corporis odit vitae saepe maxime aliquam.','2024-11-21'),(73,73,10,87,'Architecto quia ab et nesciunt ratione.',57.48,160.31,37.38,'Recusandae voluptatum non doloribus similique atque exercitationem dignissimos quo praesentium voluptate.','2025-05-14'),(74,74,44,47,'Aliquid omnis magnam culpa maxime.',82.49,187.14,37.77,'Quisquam mollitia veritatis vel quibusdam adipisci impedit occaecati consectetur unde aperiam quae.','2025-05-04'),(75,75,65,45,'Error molestias quis dicta.',60.67,170.73,38.15,'Sint incidunt quo necessitatibus repudiandae reiciendis occaecati repudiandae.','2025-05-22'),(76,76,54,10,'Deserunt ipsum laboriosam eveniet illum consectetur fuga dolor.',62.69,155.09,37.94,'Eaque soluta possimus occaecati odio debitis veniam.','2025-02-25'),(77,77,9,61,'Nisi fuga illo tempore beatae repellendus occaecati.',73.14,152.64,37.31,'Fugit quas saepe fuga eligendi vel veniam deserunt.','2024-07-19'),(78,78,41,25,'Harum tempora a aspernatur laboriosam possimus doloremque.',60.26,172.37,38.11,'Provident consequuntur cum architecto laudantium itaque.','2024-12-28'),(79,79,54,17,'Commodi odio eum cum placeat.',71.89,165.82,37.28,'Reprehenderit alias deleniti iste labore iusto distinctio ad molestias provident facere.','2024-06-14'),(80,80,12,71,'Magni ipsa iusto eius incidunt.',77.29,172.88,36.84,'Illo temporibus aliquam impedit nesciunt sint ab corrupti a.','2024-11-07'),(81,81,62,97,'In quo distinctio.',52.42,171.63,38.75,'Optio cum iusto doloribus rem cupiditate aut delectus quibusdam temporibus magnam nobis unde officiis.','2024-07-26'),(82,82,79,45,'Vitae aliquam hic harum.',58.23,185.99,36.91,'Adipisci ut ex similique atque nobis officiis ipsam.','2025-01-23'),(83,83,86,50,'Rem modi eligendi autem itaque quas.',54.85,175.07,37.25,'Nam at consequuntur libero facilis quae sed expedita nulla fugiat velit fugit.','2025-04-26'),(84,84,46,52,'Id atque totam nisi tenetur.',50.52,184.57,38.64,'Quisquam tempore accusantium quaerat sequi officiis doloremque in iste.','2024-12-03'),(85,85,42,33,'Sit itaque cumque veritatis.',77.26,182.21,38.31,'Dolor voluptates magni ad molestiae minima nesciunt.','2025-02-26'),(86,86,85,72,'Quisquam eligendi numquam nisi unde enim nobis.',71.72,186.21,37.52,'Velit ipsam tempore velit perspiciatis sed.','2024-08-30'),(87,87,34,18,'Illum maiores laborum assumenda hic odio.',89.69,182.41,38.32,'Vero dolorem unde optio dolorem aut in sit ex et sint possimus voluptatem.','2024-11-09'),(88,88,83,47,'Aspernatur quam omnis adipisci eveniet rem.',77.77,188.25,38.85,'Ipsam fuga vero porro eligendi dolores.','2025-02-05'),(89,89,31,34,'Voluptatum quo totam minima earum officiis animi.',79.25,160.62,38.66,'Ad repellat ab velit quasi odio nam incidunt illo pariatur sapiente laudantium.','2024-07-21'),(90,90,13,74,'Expedita debitis quis consequatur inventore similique eum.',53.38,182.54,37.22,'Et magni rem repellat assumenda tempora ullam minus excepturi.','2024-12-28'),(91,91,56,94,'Recusandae laudantium rem asperiores.',58.34,167.65,37.93,'Hic repudiandae doloremque accusantium aut repellendus repellat eum illum voluptatem magnam modi velit.','2025-01-23'),(92,92,1,50,'Possimus repudiandae tempora temporibus illo quisquam.',87.07,151.85,37.27,'Assumenda deleniti corporis dolores fuga aliquid.','2024-12-29'),(93,93,3,90,'Quis at rem animi consequuntur suscipit perspiciatis ab.',76.63,169.07,36.92,'Illo praesentium suscipit ut optio facere nulla id a illo fuga.','2025-04-23'),(94,94,56,9,'Iusto animi nisi ut cum aliquid.',65.06,169.15,38.56,'Architecto totam autem nisi excepturi voluptatibus consectetur commodi.','2025-03-28'),(95,95,90,97,'Veritatis aliquid exercitationem.',64.32,159.30,37.94,'Aliquid placeat incidunt nulla ea est doloribus aspernatur.','2024-10-01'),(96,96,28,60,'Placeat accusantium aliquid ducimus sequi maiores ipsa.',51.37,159.48,38.80,'Porro vero necessitatibus consequatur officiis culpa beatae reiciendis.','2025-05-23'),(97,97,83,41,'Laborum labore ea expedita.',78.46,165.49,37.51,'Dolorum reiciendis cumque provident animi repudiandae modi voluptatibus.','2025-04-19'),(98,98,39,80,'Unde laborum quibusdam excepturi cumque eaque rerum.',60.96,156.67,36.77,'Accusamus veniam expedita nesciunt voluptas sunt pariatur placeat eum facilis accusantium debitis assumenda.','2024-09-28'),(99,99,11,30,'Doloremque dolores modi ab quidem sapiente.',69.79,151.23,38.06,'Placeat iste nisi sunt reiciendis illum cumque in non.','2024-12-10'),(100,100,64,12,'Quisquam quo sapiente recusandae.',47.45,186.31,38.82,'Neque quisquam eos recusandae dolorum reprehenderit nobis itaque voluptatibus.','2024-07-09'),(101,101,8,8,'Sakit kepala sebelah.',65.50,160.00,37.50,'Migrain, disarankan istirahat.','2025-01-01'),(102,102,67,68,'Nyeri dada saat bernapas.',72.00,175.00,36.80,'Pleuritis, perlu rontgen dada.','2025-01-02'),(103,103,50,3,'Gatal-gatal di area punggung.',55.30,155.00,37.00,'Dermatitis kontak, diberi salep.','2025-01-03'),(104,104,21,11,'Anak demam dan batuk pilek.',12.50,85.00,38.50,'Infeksi saluran napas atas (ISPA).','2025-01-04'),(105,105,23,23,'Sakit perut bagian bawah.',68.10,168.00,37.20,'Infeksi saluran kemih (ISK).','2025-01-05'),(106,106,6,54,'Mual dan muntah setelah makan.',70.00,170.00,36.90,'Gastritis akut.','2025-01-06'),(107,107,40,4,'Penglihatan kabur.',63.80,162.00,37.10,'Miopia, perlu kacamata baru.','2025-01-07'),(108,108,29,14,'Gigi berlubang dan nyeri.',75.20,180.00,37.00,'Karies gigi, perlu ditambal.','2025-01-08'),(109,109,75,67,'Jantung berdebar-debar.',80.00,178.00,36.70,'Aritmia, perlu EKG.','2025-01-09'),(110,110,99,5,'Hidung tersumbat dan sakit kepala.',58.90,159.00,37.80,'Sinusitis, perlu antibiotik.','2025-01-10'),(111,111,84,84,'Anak sulit makan.',15.00,95.00,37.00,'Perlu evaluasi gizi.','2025-01-11'),(112,112,48,81,'Pusing berputar (vertigo).',66.50,165.00,36.80,'Benign Paroxysmal Positional Vertigo (BPPV).','2025-01-12'),(113,113,26,6,'Lemas dan mudah lelah.',71.00,172.00,37.10,'Anemia, perlu cek darah.','2025-01-13'),(114,114,89,4,'Mata merah dan berair.',82.30,181.00,37.00,'Konjungtivitis, diberi tetes mata.','2025-01-14'),(115,115,57,44,'Sakit gigi geraham.',60.40,161.00,37.20,'Abses gigi, perlu penanganan lebih lanjut.','2025-01-15'),(116,116,33,33,'Sesak napas dan mengi.',78.00,177.00,36.90,'Asma, perlu inhaler.','2025-01-16'),(117,117,27,2,'Telinga berdengung.',69.80,169.00,37.00,'Tinnitus, perlu pemeriksaan pendengaran.','2025-01-17'),(118,118,69,69,'Anak ruam kemerahan.',20.10,110.00,38.00,'Campak, perlu isolasi dan perawatan.','2025-01-18'),(119,119,51,19,'Sakit maag.',61.20,163.00,37.10,'Dispepsia fungsional.','2025-01-19'),(120,120,43,27,'Nyeri ulu hati.',73.50,174.00,37.00,'GERD, perlu obat lambung.','2025-01-20'),(121,121,38,38,'Gusi bengkak dan berdarah.',64.90,166.00,37.30,'Gingivitis, perlu pembersihan karang gigi.','2025-01-21'),(122,122,1,68,'Jantung terasa nyeri.',81.10,179.00,36.80,'Angina pektoris, perlu investigasi lanjut.','2025-01-22'),(123,123,62,3,'Sakit saat menelan.',59.50,160.00,38.20,'Faringitis, radang tenggorokan.','2025-01-23'),(124,124,3,22,'Anak diare.',10.80,80.00,37.50,'Gastroenteritis, berikan oralit.','2025-01-24'),(125,125,64,1,'Badan pegal-pegal.',77.00,176.00,37.00,'Mialgia, akibat kelelahan.','2025-01-25'),(126,126,85,54,'Sering buang air kecil.',83.00,182.00,36.90,'Gejala diabetes, perlu cek gula darah.','2025-01-26'),(127,127,70,4,'Mata kering dan iritasi.',62.70,164.00,37.10,'Dry eye syndrome.','2025-01-27'),(128,128,77,48,'Sariawan di mulut.',74.00,173.00,37.00,'Stomatitis aftosa.','2025-01-28'),(129,129,9,75,'Lutut nyeri saat ditekuk.',88.80,185.00,36.80,'Osteoartritis, perlu fisioterapi.','2025-01-29'),(130,130,28,5,'Sulit tidur (insomnia).',67.30,167.00,37.00,'Perlu perbaikan pola tidur.','2025-01-30'),(131,131,22,16,'Anak mimisan.',13.10,90.00,37.20,'Epistaksis, pembuluh darah rapuh.','2025-01-31'),(132,132,4,93,'Demam tinggi mendadak.',79.40,178.00,39.00,'Infeksi virus, perlu observasi.','2025-02-01'),(133,133,67,66,'Batuk berdahak hijau.',85.00,183.00,37.50,'Bronkitis, perlu antibiotik.','2025-02-02'),(134,134,15,4,'Pandangan ganda.',61.90,163.00,37.00,'Diplopia, perlu evaluasi neurologis.','2025-02-03'),(135,135,24,14,'Gigi sensitif.',76.50,175.00,37.10,'Dentin hipersensitif.','2025-02-04'),(136,136,47,67,'Nyeri punggung bawah.',86.20,184.00,36.90,'Low back pain, perlu peregangan.','2025-02-05'),(137,137,99,18,'Amandel bengkak.',59.00,158.00,38.10,'Tonsilitis.','2025-02-06'),(138,138,17,17,'Anak gatal di kulit kepala.',18.00,105.00,37.00,'Infeksi kutu rambut.','2025-02-07'),(139,139,23,1,'Sering kesemutan.',68.80,168.00,37.20,'Neuropati perifer.','2025-02-08'),(140,140,88,54,'Tekanan darah tinggi.',75.00,171.00,37.00,'Hipertensi, perlu kontrol rutin.','2025-02-09'),(141,141,2,48,'Sakit saat kencing.',65.10,166.00,37.80,'ISK, perlu kultur urin.','2025-02-10'),(142,142,34,33,'Sesak napas setelah aktivitas.',82.80,180.00,36.80,'Gagal jantung ringan.','2025-02-11'),(143,143,27,2,'Pendengaran berkurang.',61.50,162.00,37.00,'Serumen prop, perlu pembersihan telinga.','2025-02-12'),(144,144,9,63,'Anak rewel dan susah tidur.',14.20,92.00,37.10,'Kolik infantil.','2025-02-13'),(145,145,58,81,'Flu tidak kunjung sembuh.',70.30,170.00,37.40,'Influenza, perlu istirahat cukup.','2025-02-14'),(146,146,70,26,'Perut kembung.',80.00,177.00,36.90,'Dispepsia.','2025-02-15'),(147,147,31,91,'Mata silau.',64.00,165.00,37.00,'Astigmatisme.','2025-02-16'),(148,148,56,56,'Bau mulut.',72.40,172.00,37.20,'Halitosis, perlu periksa gigi.','2025-02-17'),(149,149,79,79,'Nyeri tumit.',88.00,183.00,36.80,'Plantar fasciitis.','2025-02-18'),(150,150,71,71,'Suara serak.',60.10,160.00,37.30,'Laringitis.','2025-02-19'),(151,151,84,84,'Anak sering jatuh.',16.50,100.00,37.00,'Perlu evaluasi motorik.','2025-02-20'),(152,152,93,93,'Sakit pinggang.',71.80,171.00,37.10,'HNP (Saraf Kejepit).','2025-02-21'),(153,153,19,19,'Sering merasa cemas.',66.00,167.00,37.00,'Gangguan kecemasan umum.','2025-02-22'),(154,154,29,29,'Gigi goyang.',78.20,176.00,37.20,'Periodontitis.','2025-02-23'),(155,155,52,52,'Denyut nadi tidak teratur.',84.50,181.00,36.90,'Fibrilasi atrium.','2025-02-24'),(156,156,60,60,'Tenggorokan kering.',62.20,163.00,37.40,'Dehidrasi ringan.','2025-02-25'),(157,157,69,69,'Ruam popok pada bayi.',9.00,75.00,37.00,'Dermatitis popok.','2025-02-26'),(158,158,86,81,'Mudah memar.',73.10,173.00,37.10,'Perlu cek trombosit.','2025-02-27'),(159,159,94,26,'Kolesterol tinggi.',89.00,180.00,37.00,'Dislipidemia.','2025-02-28'),(160,160,94,91,'Bercak putih di mata.',69.30,169.00,37.20,'Katarak.','2025-03-01'),(161,161,8,8,'Nyeri sendi jari tangan.',67.80,168.00,36.90,'Artritis reumatoid.','2025-03-02'),(162,162,33,33,'Edema (bengkak) pada kaki.',83.50,179.00,36.80,'Retensi cairan.','2025-03-03'),(163,163,50,3,'Telinga terasa penuh.',56.00,156.00,37.50,'Disfungsi tuba eustachius.','2025-03-04'),(164,164,21,11,'Anak hidung meler terus.',12.80,88.00,37.00,'Rinitis alergi.','2025-03-05'),(165,165,23,23,'Sakit kepala cluster.',69.90,170.00,37.30,'Cluster headache.','2025-03-06'),(166,166,6,54,'Konstipasi (sembelit).',71.50,173.00,37.00,'Kurang asupan serat.','2025-03-07'),(167,167,40,4,'Floaters pada mata.',65.40,164.00,37.10,'Degenerasi vitreous.','2025-03-08'),(168,168,29,14,'Nyeri rahang saat mengunyah.',76.80,177.00,37.20,'TMJ disorder.','2025-03-09'),(169,169,75,67,'Detak jantung lambat.',81.30,178.00,36.70,'Bradikardia.','2025-03-10'),(170,170,99,5,'Bersin-bersin di pagi hari.',59.90,159.00,37.00,'Rinitis alergi.','2025-03-11'),(171,171,84,84,'Berat badan anak tidak naik.',14.00,94.00,37.10,'Failure to thrive.','2025-03-12'),(172,172,48,81,'Migrain dengan aura.',68.20,167.00,37.40,'Classic migraine.','2025-03-13'),(173,173,26,6,'Keringat berlebih.',73.00,172.00,36.90,'Hiperhidrosis.','2025-03-14'),(174,174,89,4,'Ada benjolan di kelopak mata.',84.00,180.00,37.00,'Hordeolum (bintitan).','2025-03-15'),(175,175,57,44,'Sakit saat menelan air liur.',64.30,165.00,37.80,'Odinofagia.','2025-03-16'),(176,176,33,33,'Nyeri dada sebelah kiri.',79.70,178.00,36.80,'Costochondritis.','2025-03-17'),(177,177,27,2,'Gatal di liang telinga.',70.10,170.00,37.00,'Otitis eksterna.','2025-03-18'),(178,178,69,69,'Anak sering mengompol.',19.50,108.00,37.10,'Enuresis nokturnal.','2025-03-19'),(179,179,51,19,'Sakit kepala tegang.',62.80,163.00,37.20,'Tension headache.','2025-03-20'),(180,180,43,27,'Asam urat tinggi.',75.50,175.00,37.00,'Gout.','2025-03-21'),(181,181,38,38,'Gigi ngilu saat minum dingin.',66.80,166.00,37.30,'Dentin hipersensitif.','2025-03-22'),(182,182,1,68,'Jantung seperti berhenti sejenak.',82.50,179.00,36.80,'Ektopik jantung.','2025-03-23'),(183,183,62,3,'Lidah terasa pahit.',60.80,161.00,37.50,'Refluks asam.','2025-03-24'),(184,184,3,22,'Ruam merah di pipi anak.',11.50,82.00,37.60,'Eritema infeksiosum.','2025-03-25'),(185,185,64,1,'Kram otot betis.',78.80,177.00,37.00,'Kekurangan elektrolit.','2025-03-26'),(186,186,85,54,'Sering haus.',85.50,182.00,36.90,'Polidipsia, gejala diabetes.','2025-03-27'),(187,187,70,4,'Fotofobia (sensitif cahaya).',64.70,164.00,37.10,'Gejala iritis.','2025-03-28'),(188,188,77,48,'Bibir pecah-pecah.',76.00,174.00,37.00,'Cheilitis.','2025-03-29'),(189,189,9,75,'Bahu kaku.',90.00,186.00,36.80,'Frozen shoulder.','2025-03-30'),(190,190,28,5,'Mendengkur saat tidur.',68.90,168.00,37.00,'Obstructive Sleep Apnea (OSA).','2025-03-31'),(191,191,22,16,'Kulit anak kering dan bersisik.',13.90,91.00,37.20,'Dermatitis atopik.','2025-04-01'),(192,192,4,93,'Demam dan nyeri sendi.',80.80,178.00,38.80,'Chikungunya.','2025-04-02'),(193,193,67,66,'Sesak saat berbaring.',87.00,184.00,37.50,'Ortopnea, gejala gagal jantung.','2025-04-03'),(194,194,15,4,'Mata juling.',63.50,163.00,37.00,'Strabismus.','2025-04-04'),(195,195,24,14,'Gigi patah.',78.00,176.00,37.10,'Fraktur gigi.','2025-04-05'),(196,196,47,67,'Sakit leher.',88.20,185.00,36.90,'Cervical syndrome.','2025-04-06'),(197,197,99,18,'Radang pita suara.',61.00,158.00,38.10,'Laringitis.','2025-04-07'),(198,198,17,17,'Biang keringat pada anak.',20.00,107.00,37.00,'Miliaria.','2025-04-08'),(199,199,23,1,'Herpes di bibir.',70.40,169.00,37.60,'Herpes simplex labialis.','2025-04-09'),(200,200,88,54,'Nafsu makan menurun.',74.00,172.00,37.00,'Anoreksia.','2025-04-10');
/*!40000 ALTER TABLE `pemeriksaan` ENABLE KEYS */;
UNLOCK TABLES;

--
-- Table structure for table `perawat`
--

DROP TABLE IF EXISTS `perawat`;
/*!40101 SET @saved_cs_client     = @@character_set_client */;
/*!50503 SET character_set_client = utf8mb4 */;
CREATE TABLE `perawat` (
  `id_perawat` int NOT NULL,
  `nama` varchar(100) DEFAULT NULL,
  `alamat` varchar(255) DEFAULT NULL,
  `no_hp` varchar(20) DEFAULT NULL,
  `id_poliklinik` int DEFAULT NULL,
  PRIMARY KEY (`id_perawat`),
  KEY `id_poliklinik` (`id_poliklinik`),
  CONSTRAINT `perawat_ibfk_1` FOREIGN KEY (`id_poliklinik`) REFERENCES `poliklinik` (`id_poliklinik`)
) ENGINE=InnoDB DEFAULT CHARSET=utf8mb4 COLLATE=utf8mb4_0900_ai_ci;
/*!40101 SET character_set_client = @saved_cs_client */;

--
-- Dumping data for table `perawat`
--

LOCK TABLES `perawat` WRITE;
/*!40000 ALTER TABLE `perawat` DISABLE KEYS */;
INSERT INTO `perawat` (`id_perawat`, `nama`, `alamat`, `no_hp`, `id_poliklinik`) VALUES (1,'Puspa Sihombing','Jl. KH Amin Jasuta No. 049\r\nTebingtinggi, Bali 92652','(076) 176 2967',7),(2,'Olivia Pertiwi','Jalan Kutisari Selatan No. 29\r\nSamarinda, Kalimantan Selatan 27671','+62-67-264-9041',5),(3,'Dr. Kasiyah Rahimah','Jl. Wonoayu No. 60\r\nBanjarmasin, NT 64822','+62 (99) 116 8329',5),(4,'Joko Gunarto','Gang HOS. Cokroaminoto No. 3\r\nBatam, GO 01741','(063) 505 5122',6),(5,'Dr. Betania Usada','Gang M.H Thamrin No. 54\r\nSubulussalam, KS 06429','+62 (29) 096-7941',2),(6,'Sutan Kemba Lazuardi','Gg. Jamika No. 657\r\nAmbon, Maluku Utara 05786','+62-073-370-7619',4),(7,'Sutan Najib Hutapea','Gg. KH Amin Jasuta No. 42\r\nPangkalpinang, SR 50894','+62 (0083) 883-2314',3),(8,'Dt. Opung Wijayanti','Gg. Cihampelas No. 118\r\nTangerang Selatan, BA 87951','+62-0055-290-5302',2),(9,'Umi Manullang','Gg. Cihampelas No. 9\r\nSemarang, KS 14844','0864158375',7),(10,'Tomi Laksita','Jl. Ciumbuleuit No. 850\r\nTasikmalaya, Nusa Tenggara Timur 19727','(016) 416 0514',2),(11,'Puti Septi Lailasari','Gang Setiabudhi No. 1\r\nPalangkaraya, Papua 11979','+62-67-728-6633',3),(12,'Agus Saputra','Jl. Siliwangi No. 1\r\nBengkulu, Sulawesi Barat 68633','+62 (10) 710 9364',6),(13,'Titi Saputra','Jalan Stasiun Wonokromo No. 062\r\nTegal, Bengkulu 60818','+62-030-859-0415',3),(14,'Karja Andriani','Gg. K.H. Wahid Hasyim No. 293\r\nTarakan, JB 84267','+62-0895-623-3748',2),(15,'Ir. Carub Laksita, S.Sos','Jl. Gardujati No. 39\r\nSalatiga, Sumatera Selatan 46435','+62 (837) 973 5718',6),(16,'Dwi Habibi, M.TI.','Gg. Ciwastra No. 61\r\nBontang, JB 10850','+62 (486) 975 7248',3),(17,'drg. Titin Hakim, M.M.','Gang Rumah Sakit No. 05\r\nTarakan, Sulawesi Tenggara 94089','+62-005-120-0950',1),(18,'Maimunah Usada','Jl. Cikutra Barat No. 58\r\nMalang, ST 88753','+62-069-586-2273',5),(19,'Talia Yulianti, S.Farm','Gg. Ronggowarsito No. 89\r\nLhokseumawe, JB 26404','(0119) 614 7587',1),(20,'Wulan Ramadan','Gg. Raya Ujungberung No. 2\r\nCirebon, Bali 46424','+62 (005) 928-3003',3),(21,'Dewi Wahyuni, M.Farm','Jalan Cikutra Timur No. 4\r\nBukittinggi, Jambi 98818','+62 (0849) 171 6056',3),(22,'Dr. Ana Damanik','Gang Cihampelas No. 36\r\nMedan, Sumatera Barat 17980','+62 (0882) 139 2771',3),(23,'Sutan Makuta Waskita','Jalan Stasiun Wonokromo No. 3\r\nJambi, Bengkulu 33660','(090) 964-6313',1),(24,'Salwa Hidayanto','Jalan Cikutra Timur No. 3\r\nKediri, SU 44393','+62 (631) 519-9943',3),(25,'Amalia Uwais','Jl. Dipenogoro No. 0\r\nCilegon, SB 42074','(0415) 694 0643',6),(26,'Surya Purwanti','Gg. Cikutra Barat No. 432\r\nKota Administrasi Jakarta Selatan, SU 28081','+62-0469-548-7774',4),(27,'dr. Taswir Widiastuti','Gang Medokan Ayu No. 3\r\nSurakarta, Sumatera Barat 62096','+62 (752) 406-5257',5),(28,'Dipa Sitorus','Jl. Siliwangi No. 12\r\nBontang, Papua 98215','+62 (0281) 951-5109',6),(29,'Rahmi Samosir','Jl. Suniaraja No. 9\r\nTangerang, Sulawesi Tenggara 92960','+62 (052) 604-1599',2),(30,'Vivi Habibi, M.M.','Jalan Jamika No. 130\r\nSalatiga, Riau 91699','+62-0470-639-3895',4),(31,'R.M. Pranawa Thamrin, S.Sos','Jalan Dipenogoro No. 2\r\nPasuruan, Lampung 83064','+62-38-071-8529',6),(32,'Lidya Agustina','Gang Astana Anyar No. 374\r\nPangkalpinang, Kalimantan Timur 46486','+62-0953-321-4252',4),(33,'H. Niyaga Sihombing','Gg. Kiaracondong No. 8\r\nBau-Bau, Sumatera Utara 49986','+62-037-895-7935',7),(34,'Ajimat Sitorus, S.Pt','Jalan Kutai No. 6\r\nMadiun, Bengkulu 07321','+62-434-731-9353',7),(35,'Dalima Narpati','Jalan Antapani Lama No. 72\r\nGorontalo, Nusa Tenggara Barat 35351','+62 (93) 470-3888',6),(36,'Atmaja Siregar','Gang Suryakencana No. 912\r\nMetro, Jawa Barat 75666','+62 (001) 647 9391',5),(37,'Cakrawala Rahimah','Jalan Cikutra Barat No. 8\r\nTanjungpinang, Sulawesi Selatan 65345','+62-00-512-7856',7),(38,'Edison Lazuardi','Gang Cihampelas No. 600\r\nTanjungpinang, Lampung 74995','+62-0388-109-1684',2),(39,'Cagak Rahmawati','Gg. Rawamangun No. 79\r\nSurakarta, SS 78594','+62-698-064-7471',6),(40,'Dipa Setiawan','Gang Bangka Raya No. 6\r\nBima, JK 12642','+62 (0195) 486-5551',5),(41,'Elon Tamba','Gang Gegerkalong Hilir No. 47\r\nKendari, Jawa Tengah 74239','(069) 818 3880',5),(42,'Baktiadi Pratiwi','Jalan Jend. Sudirman No. 8\r\nPadang, JK 53488','+62-211-642-6841',5),(43,'Humaira Pratama','Gang M.H Thamrin No. 43\r\nMagelang, KT 79275','+62 (061) 084 6667',5),(44,'Dr. Vanesa Mangunsong','Jl. HOS. Cokroaminoto No. 441\r\nMedan, KR 44324','+62 (0625) 746 1293',2),(45,'Talia Wahyudin','Gang Kebonjati No. 1\r\nTasikmalaya, JI 89675','+62 (0984) 720-2761',5),(46,'T. Ajimat Marpaung, S.Sos','Gg. Jayawijaya No. 45\r\nTebingtinggi, AC 46975','+62-184-244-9023',2),(47,'Vera Hartati','Jalan Lembong No. 1\r\nTanjungbalai, SG 04732','+62 (263) 505-4621',7),(48,'Salwa Saefullah','Gang Veteran No. 93\r\nTual, Kalimantan Tengah 46863','+62-062-954-4642',2),(49,'Akarsana Prastuti','Jl. Waringin No. 61\r\nSalatiga, NT 13423','+62 (060) 457-7612',2),(50,'Alika Kurniawan','Gg. Dipatiukur No. 0\r\nSingkawang, SU 34433','+62-036-954-0381',5),(51,'Dewi Lestari','Jl. Setiabudhi No. 663\r\nSubulussalam, Nusa Tenggara Timur 26914','(067) 622-4292',5),(52,'dr. Cici Prasasta, S.Ked','Jalan Jend. A. Yani No. 91\r\nPariaman, Jambi 79845','(022) 190-0067',7),(53,'Kasusra Fujiati','Gg. Kiaracondong No. 1\r\nBekasi, Kalimantan Barat 19839','+62 (0034) 100-1316',3),(54,'Martaka Budiman','Gg. Sadang Serang No. 80\r\nBogor, JB 21180','+62-28-911-9736',4),(55,'Lukita Hassanah','Gg. Setiabudhi No. 877\r\nAmbon, JB 77216','+62-0587-018-8033',3),(56,'T. Galang Napitupulu, S.Pt','Jalan M.T Haryono No. 756\r\nBalikpapan, Sumatera Selatan 16426','(074) 664-8056',2),(57,'Ratna Pratiwi','Jl. Setiabudhi No. 92\r\nSurakarta, Maluku Utara 04141','+62-08-364-5290',2),(58,'Dt. Karsana Hutagalung, S.E.I','Jl. Erlangga No. 4\r\nPayakumbuh, Sumatera Selatan 56771','+62-161-344-6597',1),(59,'Prasetyo Napitupulu','Jl. Yos Sudarso No. 00\r\nPadang, Kalimantan Barat 14996','+62-0949-748-4821',2),(60,'Patricia Puspasari','Jl. Antapani Lama No. 161\r\nBatu, JI 53785','(0130) 771-0622',5),(61,'Irnanto Nasyidah, M.Farm','Jl. Erlangga No. 8\r\nPagaralam, Nusa Tenggara Barat 34017','+62 (012) 976 6479',2),(62,'Rudi Sirait','Gang Tubagus Ismail No. 7\r\nDenpasar, KU 20017','088 025 1904',5),(63,'Bancar Haryanto','Gang Erlangga No. 26\r\nPangkalpinang, Gorontalo 74125','+62 (33) 548 7939',1),(64,'Clara Permata','Gg. Rajiman No. 7\r\nBalikpapan, AC 47567','+62 (0227) 387 0114',2),(65,'Paulin Siregar','Gg. Bangka Raya No. 3\r\nTegal, Kepulauan Bangka Belitung 16403','+62 (290) 087-2947',3),(66,'dr. Gabriella Laksmiwati','Jl. Siliwangi No. 56\r\nSurabaya, AC 26400','085 010 9161',7),(67,'Qori Mahendra','Jalan KH Amin Jasuta No. 753\r\nTangerang Selatan, SR 75426','+62 (0313) 809 6879',7),(68,'Ega Usada','Jl. H.J Maemunah No. 37\r\nKendari, Jawa Barat 95286','+62-081-679-5338',7),(69,'Lintang Mahendra','Jl. Moch. Toha No. 61\r\nPalangkaraya, Papua Barat 24508','+62 (349) 411 0707',3),(70,'Mustika Hutasoit','Gg. Cikapayang No. 374\r\nSubulussalam, Sulawesi Barat 24480','+62-032-803-9110',6),(71,'Maria Tamba','Gg. Raya Ujungberung No. 7\r\nGorontalo, KR 80077','+62 (0000) 585 5728',2),(72,'Puti Devi Pradana, S.H.','Jalan Astana Anyar No. 95\r\nTangerang, Jawa Barat 88305','(0676) 427 4241',2),(73,'R.M. Sidiq Safitri','Gang Gardujati No. 00\r\nProbolinggo, YO 61810','(0177) 734-4794',1),(74,'Diah Puspasari','Jalan Antapani Lama No. 26\r\nPadangpanjang, Sulawesi Tengah 30095','+62 (82) 108 6449',6),(75,'Nova Yuliarti','Gang Joyoboyo No. 9\r\nMojokerto, Gorontalo 34379','+62-52-318-6564',7),(76,'Wulan Prasasta','Gang Jend. A. Yani No. 83\r\nMadiun, BB 27365','+62 (067) 499 6918',2),(77,'R. Elisa Kurniawan, S.E.I','Gang Tebet Barat Dalam No. 5\r\nMeulaboh, Bengkulu 32776','(031) 583-8749',4),(78,'Bakiono Usada','Jl. Raya Setiabudhi No. 2\r\nBanjarbaru, Bengkulu 46671','+62 (37) 432 1417',2),(79,'KH. Daru Simbolon, S.E.','Gg. Sadang Serang No. 06\r\nTanjungpinang, Maluku 66457','(0789) 559-7774',7),(80,'drg. Umi Mangunsong','Gg. Peta No. 17\r\nJambi, BT 01887','+62 (99) 867-6186',3),(81,'Yani Setiawan','Jalan Gedebage Selatan No. 19\r\nBandung, Nusa Tenggara Barat 73385','+62-041-274-8087',1),(82,'Ir. Amelia Hutagalung, S.Pd','Jl. Waringin No. 66\r\nAmbon, Jawa Timur 73139','+62-042-349-8130',3),(83,'Asmuni Nashiruddin','Gang Pasteur No. 613\r\nPadangpanjang, Jawa Barat 79840','+62-028-173-0577',5),(84,'Hartaka Padmasari, S.Kom','Gg. Cihampelas No. 41\r\nBukittinggi, Sulawesi Tengah 23722','084 780 5921',3),(85,'Dr. Sabrina Halimah','Jl. S. Parman No. 147\r\nSibolga, SS 60208','083 465 0409',4),(86,'Upik Mahendra','Gg. KH Amin Jasuta No. 9\r\nBanjarbaru, Kalimantan Selatan 20218','+62-655-514-9408',3),(87,'Umay Safitri','Jl. Cihampelas No. 9\r\nPrabumulih, KI 04198','+62-099-702-3257',7),(88,'R. Sabrina Firgantoro','Jl. Kiaracondong No. 207\r\nPontianak, PA 66320','+62 (168) 315-3997',4),(89,'Drs. Diana Tampubolon','Jalan K.H. Wahid Hasyim No. 8\r\nBanda Aceh, JI 53931','+62 (93) 366-7248',6),(90,'Laras Sihombing','Gang Abdul Muis No. 708\r\nKotamobagu, Nusa Tenggara Timur 68707','+62 (51) 289-2670',3),(91,'Mujur Dongoran','Jalan Gardujati No. 078\r\nBatu, KU 60165','+62 (0877) 373 7555',6),(92,'Violet Hastuti','Jl. Ciwastra No. 51\r\nKotamobagu, BT 09871','+62 (067) 675-3653',2),(93,'Maras Ardianto, S.Pd','Jalan Jayawijaya No. 66\r\nMadiun, SU 73436','+62 (988) 956-8871',1),(94,'Langgeng Gunarto','Jl. Ciumbuleuit No. 646\r\nAmbon, Kepulauan Bangka Belitung 65217','(0952) 296-8640',6),(95,'Ade Mustofa','Jl. Monginsidi No. 5\r\nKotamobagu, AC 25618','+62 (93) 681-5264',3),(96,'Cut Zelaya Pratiwi, M.Kom.','Jl. Cikutra Barat No. 23\r\nJayapura, Papua 78345','(0826) 194 7093',7),(97,'Cut Dalima Lailasari','Jalan Sukajadi No. 7\r\nTomohon, Kalimantan Barat 49061','+62 (48) 369-7765',4),(98,'R.M. Abyasa Wijayanti, M.Ak','Jl. Peta No. 97\r\nPematangsiantar, Kalimantan Tengah 44157','080 378 3527',6),(99,'Elisa Sitompul','Gang Sukajadi No. 27\r\nSurabaya, Sulawesi Tengah 86255','+62-28-185-3452',5),(100,'Kemba Astuti, M.Ak','Jl. Rajawali Timur No. 494\r\nKota Administrasi Jakarta Pusat, SU 16913','+62-281-112-2335',1);
/*!40000 ALTER TABLE `perawat` ENABLE KEYS */;
UNLOCK TABLES;

--
-- Table structure for table `poliklinik`
--

DROP TABLE IF EXISTS `poliklinik`;
/*!40101 SET @saved_cs_client     = @@character_set_client */;
/*!50503 SET character_set_client = utf8mb4 */;
CREATE TABLE `poliklinik` (
  `id_poliklinik` int NOT NULL,
  `nama` varchar(100) DEFAULT NULL,
  `deskripsi` text,
  `jumlah_dokter` int DEFAULT NULL,
  PRIMARY KEY (`id_poliklinik`)
) ENGINE=InnoDB DEFAULT CHARSET=utf8mb4 COLLATE=utf8mb4_0900_ai_ci;
/*!40101 SET character_set_client = @saved_cs_client */;

--
-- Dumping data for table `poliklinik`
--

LOCK TABLES `poliklinik` WRITE;
/*!40000 ALTER TABLE `poliklinik` DISABLE KEYS */;
INSERT INTO `poliklinik` (`id_poliklinik`, `nama`, `deskripsi`, `jumlah_dokter`) VALUES (1,'Poli Umum','Melayani pemeriksaan kesehatan umum.',NULL),(2,'Poli Gigi dan Mulut','Melayani kesehatan gigi, gusi, dan mulut.',NULL),(3,'Poli Anak','Spesialis kesehatan anak dan tumbuh kembang.',NULL),(4,'Poli Penyakit Dalam','Melayani diagnosis dan penanganan organ dalam.',NULL),(5,'Poli THT','Melayani gangguan telinga, hidung, tenggorokan.',NULL),(6,'Poli Mata','Spesialis kesehatan mata.',NULL),(7,'Poli Jantung','Melayani masalah kesehatan jantung dan pembuluh darah.',NULL),(8,'Poli Gizi Klinik','Melayani konsultasi gizi dan dietetik.',NULL),(9,'Poli Fisioterapi','Layanan rehabilitasi fisik dan fisioterapi.',NULL),(10,'Poli Akupunktur','Melayani terapi akupunktur medis.',NULL),(11,'Poli Psikologi','Layanan konseling dan psikoterapi.',NULL),(12,'Poli Urologi','Spesialis saluran kemih dan sistem reproduksi pria.',NULL),(13,'Poli Bedah Umum','Melayani tindakan bedah umum.',NULL),(14,'Poli Bedah Saraf','Spesialis bedah pada sistem saraf.',NULL),(15,'Poli Ortopedi','Spesialis tulang, sendi, dan otot.',NULL),(16,'Poli Kulit dan Kelamin','Melayani masalah kesehatan kulit dan kelamin.',NULL),(17,'Poli Geriatri','Spesialis kesehatan untuk lansia.',NULL),(18,'Poli Onkologi','Spesialis penanganan kanker.',NULL),(19,'Poli Hematologi','Spesialis kelainan darah.',NULL),(20,'Poli Nefrologi','Spesialis kesehatan ginjal.',NULL),(21,'Poli Endokrinologi','Spesialis gangguan hormon dan metabolisme.',NULL),(22,'Poli Reumatologi','Spesialis penyakit sendi dan autoimun.',NULL),(23,'Poli Alergi & Imunologi','Spesialis alergi dan sistem kekebalan tubuh.',NULL),(24,'Poli Andrologi','Spesialis kesehatan reproduksi pria.',NULL),(25,'Poli Bedah Plastik','Layanan bedah rekonstruksi dan estetika.',NULL),(26,'Poli Kesehatan Jiwa','Spesialis psikiatri dan kesehatan mental.',NULL),(27,'Poli Tumbuh Kembang Anak','Pemantauan tumbuh kembang anak.',NULL),(28,'Poli Kedokteran Olahraga','Penanganan cedera dan peningkatan performa atlet.',NULL),(29,'Poli Laktasi','Konsultasi dan dukungan menyusui.',NULL),(30,'Poli Paliatif','Perawatan untuk meningkatkan kualitas hidup pasien penyakit kronis.',NULL),(31,'Poli VCT (HIV/AIDS)','Konseling dan tes sukarela untuk HIV/AIDS.',NULL),(32,'Poli Kosmetik Medik','Layanan dermatologi kosmetik.',NULL),(33,'Poli Bedah Anak','Tindakan bedah khusus untuk anak-anak.',NULL),(34,'Poli Bedah Vaskular','Spesialis bedah pembuluh darah.',NULL),(35,'Poli Infertilitas','Penanganan masalah kesuburan.',NULL),(36,'Poli Medical Check-Up','Layanan pemeriksaan kesehatan rutin.',NULL),(37,'Poli Gigi Anak','Spesialis kesehatan gigi dan mulut anak.',NULL),(38,'Poli Konservasi Gigi','Perawatan dan pemulihan struktur gigi.',NULL),(39,'Poli Bedah Mulut','Tindakan bedah pada area mulut dan rahang.',NULL),(40,'Poli Penyakit Tropis','Penanganan penyakit infeksi tropis.',NULL),(41,'Poli Paru (Pulmonologi)','Spesialis kesehatan sistem pernapasan.',NULL),(42,'Poli Rehabilitasi Medik','Pemulihan fungsi tubuh pasca cedera atau penyakit.',NULL),(43,'Poli Saraf (Neurologi)','Spesialis gangguan sistem saraf.',NULL),(44,'Poli Radiologi','Layanan pencitraan medis (X-ray, CT-scan, MRI).',NULL),(45,'Poli Anestesi','Layanan pembiusan untuk operasi.',NULL),(46,'Poli Forensik','Pemeriksaan medis untuk kepentingan hukum.',NULL),(47,'Poli Okupasi','Terapi untuk membantu kemandirian pasien.',NULL),(48,'Poli Terapi Wicara','Layanan terapi untuk gangguan bicara dan bahasa.',NULL),(49,'Poli Gastroentrologi','Spesialis sistem pencernaan.',NULL),(50,'Poli Kardiologi Anak','Spesialis jantung khusus anak.',NULL);
/*!40000 ALTER TABLE `poliklinik` ENABLE KEYS */;
UNLOCK TABLES;

--
-- Table structure for table `registrasi`
--

DROP TABLE IF EXISTS `registrasi`;
/*!40101 SET @saved_cs_client     = @@character_set_client */;
/*!50503 SET character_set_client = utf8mb4 */;
CREATE TABLE `registrasi` (
  `id_registrasi` int NOT NULL,
  `id_pasien` int DEFAULT NULL,
  `id_cs` int DEFAULT NULL,
  `id_poliklinik` int DEFAULT NULL,
  `id_dokter` int DEFAULT NULL,
  `tanggal_kunjungan` date DEFAULT NULL,
  PRIMARY KEY (`id_registrasi`),
  KEY `id_pasien` (`id_pasien`),
  KEY `id_cs` (`id_cs`),
  KEY `id_poliklinik` (`id_poliklinik`),
  KEY `id_dokter` (`id_dokter`),
  CONSTRAINT `registrasi_ibfk_1` FOREIGN KEY (`id_pasien`) REFERENCES `pasien` (`id_pasien`),
  CONSTRAINT `registrasi_ibfk_3` FOREIGN KEY (`id_poliklinik`) REFERENCES `poliklinik` (`id_poliklinik`),
  CONSTRAINT `registrasi_ibfk_4` FOREIGN KEY (`id_dokter`) REFERENCES `dokter` (`id_dokter`)
) ENGINE=InnoDB DEFAULT CHARSET=utf8mb4 COLLATE=utf8mb4_0900_ai_ci;
/*!40101 SET character_set_client = @saved_cs_client */;

--
-- Dumping data for table `registrasi`
--

LOCK TABLES `registrasi` WRITE;
/*!40000 ALTER TABLE `registrasi` DISABLE KEYS */;
INSERT INTO `registrasi` (`id_registrasi`, `id_pasien`, `id_cs`, `id_poliklinik`, `id_dokter`, `tanggal_kunjungan`) VALUES (1,50,47,1,100,'2025-01-17'),(2,7,20,1,19,'2025-03-12'),(3,64,59,7,1,'2024-12-12'),(4,26,67,1,100,'2024-06-13'),(5,89,93,6,4,'2024-06-30'),(6,27,94,4,97,'2024-07-24'),(7,36,30,2,76,'2025-04-03'),(8,46,45,6,15,'2025-03-07'),(9,93,92,5,27,'2024-10-01'),(10,29,9,1,81,'2025-03-06'),(11,39,51,6,28,'2025-05-22'),(12,10,70,4,54,'2024-11-09'),(13,20,6,6,35,'2025-01-18'),(14,25,77,6,12,'2024-06-13'),(15,87,90,1,23,'2025-04-14'),(16,96,49,4,54,'2024-09-13'),(17,9,35,2,56,'2025-04-21'),(18,57,37,5,45,'2025-01-05'),(19,44,93,1,93,'2025-04-30'),(20,10,58,2,56,'2024-07-29'),(21,7,28,3,22,'2024-07-20'),(22,77,65,2,29,'2025-03-01'),(23,14,28,5,2,'2025-05-02'),(24,72,86,1,100,'2025-03-18'),(25,36,99,4,54,'2025-05-21'),(26,17,85,2,76,'2024-06-25'),(27,30,58,7,33,'2024-07-12'),(28,18,41,5,18,'2024-11-02'),(29,89,78,3,22,'2025-03-15'),(30,34,9,2,10,'2024-07-22'),(31,31,60,3,82,'2024-10-21'),(32,49,88,3,55,'2024-12-31'),(33,32,83,2,29,'2024-10-01'),(34,3,37,7,47,'2025-05-14'),(35,14,97,2,49,'2025-05-01'),(36,61,10,3,16,'2025-03-31'),(37,50,69,7,79,'2025-03-14'),(38,15,12,1,100,'2024-12-11'),(39,93,38,7,33,'2024-09-06'),(40,66,8,5,83,'2025-03-10'),(41,39,72,2,5,'2025-01-15'),(42,89,79,6,31,'2024-11-25'),(43,17,95,1,17,'2025-04-07'),(44,52,23,6,4,'2024-06-10'),(45,46,98,3,55,'2025-01-18'),(46,91,17,1,81,'2025-05-05'),(47,84,86,7,1,'2025-03-30'),(48,61,29,3,11,'2024-11-12'),(49,59,21,1,81,'2024-09-12'),(50,3,30,4,97,'2025-05-16'),(51,40,65,5,3,'2025-04-20'),(52,51,3,6,15,'2025-04-28'),(53,5,29,6,31,'2024-08-10'),(54,88,30,4,6,'2025-01-15'),(55,40,68,6,39,'2024-12-22'),(56,32,21,3,55,'2024-07-30'),(57,26,83,2,49,'2024-08-25'),(58,89,93,6,31,'2024-09-12'),(59,75,75,6,94,'2024-12-13'),(60,21,55,3,7,'2025-02-27'),(61,38,58,3,69,'2024-10-10'),(62,89,79,2,59,'2025-03-31'),(63,52,30,1,73,'2025-05-27'),(64,28,85,7,52,'2024-09-08'),(65,39,10,2,71,'2025-01-25'),(66,72,22,2,14,'2024-06-20'),(67,57,84,2,8,'2024-06-28'),(68,91,7,7,75,'2024-06-03'),(69,83,98,2,64,'2024-07-26'),(70,21,9,5,2,'2025-03-16'),(71,26,83,7,68,'2024-07-07'),(72,20,92,3,90,'2024-11-21'),(73,50,20,2,10,'2025-05-14'),(74,46,4,2,44,'2025-05-04'),(75,25,20,3,65,'2025-05-22'),(76,2,69,4,54,'2025-02-25'),(77,34,18,7,9,'2024-07-19'),(78,16,56,5,41,'2024-12-28'),(79,61,68,4,54,'2024-06-14'),(80,54,46,6,12,'2024-11-07'),(81,30,80,5,62,'2024-07-26'),(82,87,73,7,79,'2025-01-23'),(83,78,69,3,86,'2025-04-26'),(84,92,59,2,46,'2024-12-03'),(85,28,79,5,42,'2025-02-26'),(86,74,47,4,85,'2024-08-30'),(87,87,46,7,34,'2024-11-09'),(88,97,52,5,83,'2025-02-05'),(89,10,81,6,31,'2024-07-21'),(90,40,71,3,13,'2024-12-28'),(91,54,46,2,56,'2025-01-23'),(92,40,84,7,1,'2024-12-29'),(93,54,18,5,3,'2025-04-23'),(94,74,23,2,56,'2025-03-28'),(95,99,55,3,90,'2024-10-01'),(96,25,30,6,28,'2025-05-23'),(97,100,44,5,83,'2025-04-19'),(98,61,86,6,39,'2024-09-28'),(99,40,15,3,11,'2024-12-10'),(100,14,1,2,64,'2024-07-09'),(101,23,15,2,8,'2025-01-01'),(102,45,33,7,67,'2025-01-02'),(103,67,54,5,50,'2025-01-03'),(104,88,2,3,21,'2025-01-04'),(105,12,87,1,23,'2025-01-05'),(106,34,4,4,6,'2025-01-06'),(107,56,65,6,40,'2025-01-07'),(108,78,11,2,29,'2025-01-08'),(109,99,98,7,75,'2025-01-09'),(110,1,22,5,99,'2025-01-10'),(111,24,46,3,84,'2025-01-11'),(112,47,68,1,48,'2025-01-12'),(113,69,13,4,26,'2025-01-13'),(114,90,35,6,89,'2025-01-14'),(115,14,57,2,57,'2025-01-15'),(116,36,79,7,33,'2025-01-16'),(117,58,23,5,27,'2025-01-17'),(118,80,45,3,69,'2025-01-18'),(119,2,67,1,51,'2025-01-19'),(120,25,89,4,43,'2025-01-20'),(121,48,1,2,38,'2025-01-21'),(122,70,24,7,1,'2025-01-22'),(123,92,47,5,62,'2025-01-23'),(124,16,70,3,3,'2025-01-24'),(125,38,92,1,64,'2025-01-25'),(126,60,15,4,85,'2025-01-26'),(127,82,38,6,70,'2025-01-27'),(128,5,61,2,77,'2025-01-28'),(129,28,84,7,9,'2025-01-29'),(130,50,8,5,28,'2025-01-30'),(131,72,31,3,22,'2025-01-31'),(132,94,54,1,4,'2025-02-01'),(133,18,77,4,67,'2025-02-02'),(134,40,99,6,15,'2025-02-03'),(135,62,22,2,24,'2025-02-04'),(136,84,45,7,47,'2025-02-05'),(137,8,68,5,99,'2025-02-06'),(138,30,91,3,17,'2025-02-07'),(139,52,14,1,23,'2025-02-08'),(140,74,37,4,88,'2025-02-09'),(141,96,60,2,2,'2025-02-10'),(142,20,83,7,34,'2025-02-11'),(143,42,6,5,27,'2025-02-12'),(144,64,29,3,9,'2025-02-13'),(145,86,52,1,58,'2025-02-14'),(146,10,75,4,70,'2025-02-15'),(147,32,98,6,31,'2025-02-16'),(148,54,21,2,56,'2025-02-17'),(149,76,44,7,79,'2025-02-18'),(150,98,67,5,71,'2025-02-19'),(151,22,90,3,84,'2025-02-20'),(152,44,13,1,93,'2025-02-21'),(153,66,36,4,19,'2025-02-22'),(154,88,59,2,29,'2025-02-23'),(155,13,82,7,52,'2025-02-24'),(156,35,5,5,60,'2025-02-25'),(157,57,28,3,69,'2025-02-26'),(158,79,51,1,86,'2025-02-27'),(159,100,74,4,94,'2025-02-28'),(160,21,97,6,94,'2025-03-01'),(161,43,20,2,8,'2025-03-02'),(162,65,43,7,33,'2025-03-03'),(163,87,66,5,50,'2025-03-04'),(164,11,89,3,21,'2025-03-05'),(165,33,12,1,23,'2025-03-06'),(166,55,35,4,6,'2025-03-07'),(167,77,58,6,40,'2025-03-08'),(168,9,81,2,29,'2025-03-09'),(169,31,4,7,75,'2025-03-10'),(170,53,27,5,99,'2025-03-11'),(171,75,50,3,84,'2025-03-12'),(172,97,73,1,48,'2025-03-13'),(173,19,96,4,26,'2025-03-14'),(174,41,19,6,89,'2025-03-15'),(175,63,42,2,57,'2025-03-16'),(176,85,65,7,33,'2025-03-17'),(177,7,88,5,27,'2025-03-18'),(178,29,11,3,69,'2025-03-19'),(179,51,34,1,51,'2025-03-20'),(180,73,57,4,43,'2025-03-21'),(181,95,80,2,38,'2025-03-22'),(182,17,3,7,1,'2025-03-23'),(183,39,26,5,62,'2025-03-24'),(184,61,49,3,3,'2025-03-25'),(185,83,72,1,64,'2025-03-26'),(186,6,95,4,85,'2025-03-27'),(187,28,18,6,70,'2025-03-28'),(188,50,41,2,77,'2025-03-29'),(189,72,64,7,9,'2025-03-30'),(190,94,87,5,28,'2025-03-31'),(191,15,10,3,22,'2025-04-01'),(192,37,33,1,4,'2025-04-02'),(193,59,56,4,67,'2025-04-03'),(194,81,79,6,15,'2025-04-04'),(195,4,2,2,24,'2025-04-05'),(196,26,25,7,47,'2025-04-06'),(197,48,48,5,99,'2025-04-07'),(198,70,71,3,17,'2025-04-08'),(199,92,94,1,23,'2025-04-09'),(200,14,17,4,88,'2025-04-10');
/*!40000 ALTER TABLE `registrasi` ENABLE KEYS */;
UNLOCK TABLES;

--
-- Table structure for table `resep`
--

DROP TABLE IF EXISTS `resep`;
/*!40101 SET @saved_cs_client     = @@character_set_client */;
/*!50503 SET character_set_client = utf8mb4 */;
CREATE TABLE `resep` (
  `id_resep` int NOT NULL,
  `id_pemeriksaan` int DEFAULT NULL,
  `id_apoteker` int DEFAULT NULL,
  `tanggal_resep` date DEFAULT NULL,
  PRIMARY KEY (`id_resep`),
  KEY `id_pemeriksaan` (`id_pemeriksaan`),
  KEY `id_apoteker` (`id_apoteker`),
  CONSTRAINT `resep_ibfk_1` FOREIGN KEY (`id_pemeriksaan`) REFERENCES `pemeriksaan` (`id_pemeriksaan`),
  CONSTRAINT `resep_ibfk_2` FOREIGN KEY (`id_apoteker`) REFERENCES `apoteker` (`id_apoteker`)
) ENGINE=InnoDB DEFAULT CHARSET=utf8mb4 COLLATE=utf8mb4_0900_ai_ci;
/*!40101 SET character_set_client = @saved_cs_client */;

--
-- Dumping data for table `resep`
--

LOCK TABLES `resep` WRITE;
/*!40000 ALTER TABLE `resep` DISABLE KEYS */;
INSERT INTO `resep` (`id_resep`, `id_pemeriksaan`, `id_apoteker`, `tanggal_resep`) VALUES (1,1,92,'2025-01-17'),(2,2,19,'2025-03-12'),(3,3,97,'2024-12-12'),(4,4,55,'2024-06-13'),(5,5,12,'2024-06-30'),(6,6,49,'2024-07-24'),(7,7,44,'2025-04-03'),(8,8,64,'2025-03-07'),(9,9,13,'2024-10-01'),(10,10,96,'2025-03-06'),(11,11,83,'2025-05-22'),(12,12,91,'2024-11-09'),(13,13,47,'2025-01-18'),(14,14,51,'2024-06-13'),(15,15,19,'2025-04-14'),(16,16,24,'2024-09-13'),(17,17,12,'2025-04-21'),(18,18,63,'2025-01-05'),(19,19,62,'2025-04-30'),(20,20,62,'2024-07-29'),(21,21,87,'2024-07-20'),(22,22,46,'2025-03-01'),(23,23,65,'2025-05-02'),(24,24,100,'2025-03-18'),(25,25,55,'2025-05-21'),(26,26,50,'2024-06-25'),(27,27,28,'2024-07-12'),(28,28,1,'2024-11-02'),(29,29,57,'2025-03-15'),(30,30,38,'2024-07-22'),(31,31,30,'2024-10-21'),(32,32,45,'2024-12-31'),(33,33,92,'2024-10-01'),(34,34,43,'2025-05-14'),(35,35,55,'2025-05-01'),(36,36,45,'2025-03-31'),(37,37,98,'2025-03-14'),(38,38,47,'2024-12-11'),(39,39,2,'2024-09-06'),(40,40,55,'2025-03-10'),(41,41,38,'2025-01-15'),(42,42,72,'2024-11-25'),(43,43,29,'2025-04-07'),(44,44,32,'2024-06-10'),(45,45,31,'2025-01-18'),(46,46,47,'2025-05-05'),(47,47,60,'2025-03-30'),(48,48,47,'2024-11-12'),(49,49,60,'2024-09-12'),(50,50,95,'2025-05-16'),(51,51,92,'2025-04-20'),(52,52,61,'2025-04-28'),(53,53,72,'2024-08-10'),(54,54,47,'2025-01-15'),(55,55,59,'2024-12-22'),(56,56,48,'2024-07-30'),(57,57,73,'2024-08-25'),(58,58,62,'2024-09-12'),(59,59,26,'2024-12-13'),(60,60,45,'2025-02-27'),(61,61,54,'2024-10-10'),(62,62,31,'2025-03-31'),(63,63,93,'2025-05-27'),(64,64,16,'2024-09-08'),(65,65,50,'2025-01-25'),(66,66,9,'2024-06-20'),(67,67,3,'2024-06-28'),(68,68,22,'2024-06-03'),(69,69,95,'2024-07-26'),(70,70,33,'2025-03-16'),(71,71,79,'2024-07-07'),(72,72,56,'2024-11-21'),(73,73,31,'2025-05-14'),(74,74,39,'2025-05-04'),(75,75,87,'2025-05-22'),(76,76,3,'2025-02-25'),(77,77,84,'2024-07-19'),(78,78,71,'2024-12-28'),(79,79,49,'2024-06-14'),(80,80,97,'2024-11-07'),(81,81,36,'2024-07-26'),(82,82,77,'2025-01-23'),(83,83,80,'2025-04-26'),(84,84,60,'2024-12-03'),(85,85,56,'2025-02-26'),(86,86,39,'2024-08-30'),(87,87,75,'2024-11-09'),(88,88,17,'2025-02-05'),(89,89,19,'2024-07-21'),(90,90,45,'2024-12-28'),(91,91,77,'2025-01-23'),(92,92,36,'2024-12-29'),(93,93,68,'2025-04-23'),(94,94,66,'2025-03-28'),(95,95,97,'2024-10-01'),(96,96,49,'2025-05-23'),(97,97,24,'2025-04-19'),(98,98,84,'2024-09-28'),(99,99,56,'2024-12-10'),(100,100,79,'2024-07-09'),(101,101,1,'2025-01-01'),(102,102,2,'2025-01-02'),(103,103,3,'2025-01-03'),(104,104,4,'2025-01-04'),(105,105,5,'2025-01-05'),(106,106,6,'2025-01-06'),(107,107,7,'2025-01-07'),(108,108,8,'2025-01-08'),(109,109,9,'2025-01-09'),(110,110,10,'2025-01-10'),(111,111,11,'2025-01-11'),(112,112,12,'2025-01-12'),(113,113,13,'2025-01-13'),(114,114,14,'2025-01-14'),(115,115,15,'2025-01-15'),(116,116,16,'2025-01-16'),(117,117,17,'2025-01-17'),(118,118,18,'2025-01-18'),(119,119,19,'2025-01-19'),(120,120,20,'2025-01-20'),(121,121,21,'2025-01-21'),(122,122,22,'2025-01-22'),(123,123,23,'2025-01-23'),(124,124,24,'2025-01-24'),(125,125,25,'2025-01-25'),(126,126,26,'2025-01-26'),(127,127,27,'2025-01-27'),(128,128,28,'2025-01-28'),(129,129,29,'2025-01-29'),(130,130,30,'2025-01-30'),(131,131,31,'2025-01-31'),(132,132,32,'2025-02-01'),(133,133,33,'2025-02-02'),(134,134,34,'2025-02-03'),(135,135,35,'2025-02-04'),(136,136,36,'2025-02-05'),(137,137,37,'2025-02-06'),(138,138,38,'2025-02-07'),(139,139,39,'2025-02-08'),(140,140,40,'2025-02-09'),(141,141,41,'2025-02-10'),(142,142,42,'2025-02-11'),(143,143,43,'2025-02-12'),(144,144,44,'2025-02-13'),(145,145,45,'2025-02-14'),(146,146,46,'2025-02-15'),(147,147,47,'2025-02-16'),(148,148,48,'2025-02-17'),(149,149,49,'2025-02-18'),(150,150,50,'2025-02-19'),(151,151,51,'2025-02-20'),(152,152,52,'2025-02-21'),(153,153,53,'2025-02-22'),(154,154,54,'2025-02-23'),(155,155,55,'2025-02-24'),(156,156,56,'2025-02-25'),(157,157,57,'2025-02-26'),(158,158,58,'2025-02-27'),(159,159,59,'2025-02-28'),(160,160,60,'2025-03-01'),(161,161,61,'2025-03-02'),(162,162,62,'2025-03-03'),(163,163,63,'2025-03-04'),(164,164,64,'2025-03-05'),(165,165,65,'2025-03-06'),(166,166,66,'2025-03-07'),(167,167,67,'2025-03-08'),(168,168,68,'2025-03-09'),(169,169,69,'2025-03-10'),(170,170,70,'2025-03-11'),(171,171,71,'2025-03-12'),(172,172,72,'2025-03-13'),(173,173,73,'2025-03-14'),(174,174,74,'2025-03-15'),(175,175,75,'2025-03-16'),(176,176,76,'2025-03-17'),(177,177,77,'2025-03-18'),(178,178,78,'2025-03-19'),(179,179,79,'2025-03-20'),(180,180,80,'2025-03-21'),(181,181,81,'2025-03-22'),(182,182,82,'2025-03-23'),(183,183,83,'2025-03-24'),(184,184,84,'2025-03-25'),(185,185,85,'2025-03-26'),(186,186,86,'2025-03-27'),(187,187,87,'2025-03-28'),(188,188,88,'2025-03-29'),(189,189,89,'2025-03-30'),(190,190,90,'2025-03-31'),(191,191,91,'2025-04-01'),(192,192,92,'2025-04-02'),(193,193,93,'2025-04-03'),(194,194,94,'2025-04-04'),(195,195,95,'2025-04-05'),(196,196,96,'2025-04-06'),(197,197,97,'2025-04-07'),(198,198,98,'2025-04-08'),(199,199,99,'2025-04-09'),(200,200,100,'2025-04-10');
/*!40000 ALTER TABLE `resep` ENABLE KEYS */;
UNLOCK TABLES;

--
-- Dumping routines for database 'rumah_sakit'
--
/*!40103 SET TIME_ZONE=@OLD_TIME_ZONE */;

/*!40101 SET SQL_MODE=@OLD_SQL_MODE */;
/*!40014 SET FOREIGN_KEY_CHECKS=@OLD_FOREIGN_KEY_CHECKS */;
/*!40014 SET UNIQUE_CHECKS=@OLD_UNIQUE_CHECKS */;
/*!40101 SET CHARACTER_SET_CLIENT=@OLD_CHARACTER_SET_CLIENT */;
/*!40101 SET CHARACTER_SET_RESULTS=@OLD_CHARACTER_SET_RESULTS */;
/*!40101 SET COLLATION_CONNECTION=@OLD_COLLATION_CONNECTION */;
/*!40111 SET SQL_NOTES=@OLD_SQL_NOTES */;

-- Dump completed on 2025-11-22 11:32:04
